"gene_name","dn_ds","annotation_data"
"gene1198.fasta",0.246913580247,"NZ_HG796201.1	GeneMarkS+	CDS	259640	260095	.	-	0	ID=cds1171;Parent=gene1198;Dbxref=Genbank:WP_042693681.1;Name=WP_042693681.1;gbkey=CDS;product=hypothetical protein;protein_id=WP_042693681.1;transl_table=11"
"gene1199.fasta",0.342857142857,"NZ_HG796201.1	GeneMarkS+	CDS	260384	260566	.	-	0	ID=cds1172;Parent=gene1199;Dbxref=Genbank:WP_042693683.1;Name=WP_042693683.1;gbkey=CDS;product=hypothetical protein;protein_id=WP_042693683.1;transl_table=11"
"gene1200.fasta",0,"NZ_HG796201.1	GeneMarkS+	CDS	261170	261595	.	-	0	ID=cds1173;Parent=gene1200;Dbxref=Genbank:WP_042693684.1;Name=WP_042693684.1;gbkey=CDS;product=hypothetical protein;protein_id=WP_042693684.1;transl_table=11"
"gene1201.fasta",6,"NZ_HG796201.1	GeneMarkS+	CDS	261612	262088	.	-	0	ID=cds1174;Parent=gene1201;Dbxref=Genbank:WP_042693685.1;Name=WP_042693685.1;gbkey=CDS;product=hypothetical protein;protein_id=WP_042693685.1;transl_table=11"
"gene1202.fasta",2.66666666667,"NZ_HG796201.1	Protein Homology	CDS	262305	262562	.	-	0	ID=cds1175;Parent=gene1202;Dbxref=Genbank:WP_042693687.1;Name=WP_042693687.1;gbkey=CDS;product=hypothetical protein;protein_id=WP_042693687.1;transl_table=11"
"gene1203.fasta",2.75,"NZ_HG796201.1	GeneMarkS+	CDS	262836	263366	.	-	0	ID=cds1176;Parent=gene1203;Dbxref=Genbank:WP_042693688.1;Name=WP_042693688.1;gbkey=CDS;product=hypothetical protein;protein_id=WP_042693688.1;transl_table=11"
"gene1204.fasta",6,"NZ_HG796201.1	GeneMarkS+	CDS	263932	264147	.	-	0	ID=cds1177;Parent=gene1204;Dbxref=Genbank:WP_042693690.1;Name=WP_042693690.1;gbkey=CDS;product=hypothetical protein;protein_id=WP_042693690.1;transl_table=11"
"gene1205.fasta",6,"NZ_HG796201.1	GeneMarkS+	CDS	264354	264653	.	-	0	ID=cds1178;Parent=gene1205;Dbxref=Genbank:WP_042693691.1;Name=WP_042693691.1;gbkey=CDS;product=hypothetical protein;protein_id=WP_042693691.1;transl_table=11"
"gene1206.fasta",12,"NZ_HG796201.1	Protein Homology	CDS	265100	265504	.	+	0	ID=cds1179;Parent=gene1206;Dbxref=Genbank:WP_042693692.1;Name=WP_042693692.1;gbkey=CDS;product=DNA mismatch repair protein MutT;protein_id=WP_042693692.1;transl_table=11"
"gene1207.fasta",0.258992805755,"NZ_HG796201.1	Protein Homology	CDS	265501	266666	.	-	0	ID=cds1180;Parent=gene1207;exception=annotated by transcript or proteomic data;gbkey=CDS;product=acetylornithine aminotransferase;pseudo=true;transl_table=11"
"gene1208.fasta",0.181818181818,"NZ_HG796201.1	Protein Homology	CDS	266742	267173	.	+	0	ID=cds1181;Parent=gene1208;Dbxref=Genbank:WP_042693698.1;Name=WP_042693698.1;gbkey=CDS;product=peptidyl-prolyl cis-trans isomerase;protein_id=WP_042693698.1;transl_table=11"
"gene1209.fasta",0.0384615384615,"NZ_HG796201.1	Protein Homology	CDS	268424	269355	.	-	0	ID=cds1182;Parent=gene1209;exception=annotated by transcript or proteomic data;gbkey=CDS;product=3-methyladenine DNA glycosylase;pseudo=true;transl_table=11"
"gene1210.fasta",0.0473372781065,"NZ_HG796201.1	Protein Homology	CDS	269352	270176	.	-	0	ID=cds1183;Parent=gene1210;Dbxref=Genbank:WP_042693700.1;Name=WP_042693700.1;gbkey=CDS;product=imidazole glycerol phosphate synthase cyclase subunit;protein_id=WP_042693700.1;transl_table=11"
"gene1211.fasta",0,"NZ_HG796201.1	Protein Homology	CDS	270224	270385	.	-	0	ID=cds1184;Parent=gene1211;Dbxref=Genbank:WP_042693702.1;Name=WP_042693702.1;gbkey=CDS;product=preprotein translocase subunit SecG;protein_id=WP_042693702.1;transl_table=11"
"gene1214.fasta",0.0102301790281,"NZ_HG796201.1	Protein Homology	CDS	272132	273471	.	-	0	ID=cds1187;Parent=gene1214;Note=with 7S RNA and Srp19 binds to the signal sequence of presecretory protein;exception=annotated by transcript or proteomic data;gbkey=CDS;product=signal recognition particle;pseudo=true;transl_table=11"
"gene1215.fasta",0.0449438202247,"NZ_HG796201.1	Protein Homology	CDS	273565	274134	.	+	0	ID=cds1188;Parent=gene1215;Dbxref=Genbank:WP_042693706.1;Name=WP_042693706.1;gbkey=CDS;product=adenine phosphoribosyltransferase;protein_id=WP_042693706.1;transl_table=11"
"gene1216.fasta",0.0918367346939,"NZ_HG796201.1	Protein Homology	CDS	274136	275139	.	+	0	ID=cds1189;Parent=gene1216;exception=annotated by transcript or proteomic data;gbkey=CDS;product=diphthamide biosynthesis protein;pseudo=true;transl_table=11"
"gene1217.fasta",0.0671140939597,"NZ_HG796201.1	Protein Homology	CDS	275200	275772	.	+	0	ID=cds1190;Parent=gene1217;Dbxref=Genbank:WP_042693708.1;Name=WP_042693708.1;gbkey=CDS;product=RNA-binding protein;protein_id=WP_042693708.1;transl_table=11"
"gene1220.fasta",0.428571428571,"NZ_HG796201.1	Protein Homology	CDS	276603	276917	.	+	0	ID=cds1193;Parent=gene1220;Dbxref=Genbank:WP_042693712.1;Name=WP_042693712.1;gbkey=CDS;product=transcription factor S;protein_id=WP_042693712.1;transl_table=11"
"gene1221.fasta",0.0763358778626,"NZ_HG796201.1	Protein Homology	CDS	276930	277787	.	+	0	ID=cds1194;Parent=gene1221;Dbxref=Genbank:WP_052331823.1;Name=WP_052331823.1;gbkey=CDS;product=hypothetical protein;protein_id=WP_052331823.1;transl_table=11"
"gene1223.fasta",0.32,"NZ_HG796201.1	Protein Homology	CDS	278012	279862	.	-	0	ID=cds1195;Parent=gene1223;Dbxref=Genbank:WP_052331827.1;Name=WP_052331827.1;gbkey=CDS;product=ATP-dependent helicase;protein_id=WP_052331827.1;transl_table=11"
"gene1224.fasta",0.222222222222,"NZ_HG796201.1	Protein Homology	CDS	279947	280651	.	+	0	ID=cds1196;Parent=gene1224;Dbxref=Genbank:WP_042693714.1;Name=WP_042693714.1;gbkey=CDS;product=precorrin-2 C(20)-methyltransferase;protein_id=WP_042693714.1;transl_table=11"
"gene1225.fasta",0.269230769231,"NZ_HG796201.1	Protein Homology	CDS	280652	281418	.	-	0	ID=cds1197;Parent=gene1225;exception=annotated by transcript or proteomic data;gbkey=CDS;product=ArsR family transcriptional regulator;pseudo=true;transl_table=11"
"gene1226.fasta",0.126126126126,"NZ_HG796201.1	Protein Homology	CDS	281662	282888	.	+	0	ID=cds1198;Parent=gene1226;Dbxref=Genbank:WP_042693716.1;Name=WP_042693716.1;gbkey=CDS;product=MBL fold metallo-hydrolase;protein_id=WP_042693716.1;transl_table=11"
"gene1227.fasta",0,"NZ_HG796201.1	Protein Homology	CDS	282926	283342	.	+	0	ID=cds1199;Parent=gene1227;Dbxref=Genbank:WP_042693718.1;Name=WP_042693718.1;gbkey=CDS;product=hypothetical protein;protein_id=WP_042693718.1;transl_table=11"
"gene1230.fasta",0.0100334448161,"NZ_HG796201.1	Protein Homology	CDS	285766	287904	.	-	0	ID=cds1202;Parent=gene1230;Dbxref=Genbank:WP_042693723.1;Name=WP_042693723.1;gbkey=CDS;product=phosphoribosylformylglycinamidine synthase II;protein_id=WP_042693723.1;transl_table=11"
"gene1231.fasta",0.0552845528455,"NZ_HG796201.1	Protein Homology	CDS	287906	291139	.	-	0	ID=cds1203;Parent=gene1231;Dbxref=Genbank:WP_042693725.1;Name=WP_042693725.1;gbkey=CDS;product=isoleucine--tRNA ligase;protein_id=WP_042693725.1;transl_table=11"
"gene1232.fasta",0.328358208955,"NZ_HG796201.1	Protein Homology	CDS	291287	292492	.	-	0	ID=cds1204;Parent=gene1232;Dbxref=Genbank:WP_042693727.1;Name=WP_042693727.1;Note=catalyzes the formation of S-adenosylmethionine from methionine and ATP;gbkey=CDS;product=S-adenosylmethionine synthetase;protein_id=WP_042693727.1;transl_table=11"
"gene1233.fasta",0,"NZ_HG796201.1	Protein Homology	CDS	292772	293098	.	+	0	ID=cds1205;Parent=gene1233;Dbxref=Genbank:WP_042693729.1;Name=WP_042693729.1;gbkey=CDS;product=hypothetical protein;protein_id=WP_042693729.1;transl_table=11"
"gene1234.fasta",0.0357142857143,"NZ_HG796201.1	Protein Homology	CDS	293084	293776	.	-	0	ID=cds1206;Parent=gene1234;Dbxref=Genbank:WP_042693731.1;Name=WP_042693731.1;gbkey=CDS;product=hypothetical protein;protein_id=WP_042693731.1;transl_table=11"
"gene1235.fasta",0.0763358778626,"NZ_HG796201.1	Protein Homology	CDS	293783	295051	.	-	0	ID=cds1207;Parent=gene1235;Dbxref=Genbank:WP_042693732.1;Name=WP_042693732.1;gbkey=CDS;product=serine hydroxymethyltransferase;protein_id=WP_042693732.1;transl_table=11"
"gene1236.fasta",0.0709812108559,"NZ_HG796201.1	Protein Homology	CDS	295471	297462	.	-	0	ID=cds1208;Parent=gene1236;Dbxref=Genbank:WP_042693733.1;Name=WP_042693733.1;gbkey=CDS;product=disulfide reductase;protein_id=WP_042693733.1;transl_table=11"
"gene1240.fasta",0.00190476190476,"NZ_HG796201.1	Protein Homology	CDS	301390	304869	.	+	0	ID=cds1212;Parent=gene1240;Dbxref=Genbank:WP_042693738.1;Name=WP_042693738.1;gbkey=CDS;product=hypothetical protein;protein_id=WP_042693738.1;transl_table=11"
"gene1248.fasta",0.0212314225053,"NZ_HG796201.1	Protein Homology	CDS	313695	315464	.	-	0	ID=cds1220;Parent=gene1248;Dbxref=Genbank:WP_042693748.1;Name=WP_042693748.1;gbkey=CDS;product=hypothetical protein;protein_id=WP_042693748.1;transl_table=11"
"gene1249.fasta",0.00954653937947,"NZ_HG796201.1	Protein Homology	CDS	315497	316909	.	-	0	ID=cds1221;Parent=gene1249;Dbxref=Genbank:WP_042693750.1;Name=WP_042693750.1;gbkey=CDS;product=hypothetical protein;protein_id=WP_042693750.1;transl_table=11"
"gene1250.fasta",0.109589041096,"NZ_HG796201.1	Protein Homology	CDS	317471	318406	.	-	0	ID=cds1222;Parent=gene1250;Dbxref=Genbank:WP_042693752.1;Name=WP_042693752.1;gbkey=CDS;product=DNA repair and recombination protein RadA;protein_id=WP_042693752.1;transl_table=11"
"gene1251.fasta",0.245033112583,"NZ_HG796201.1	Protein Homology	CDS	318435	320812	.	-	0	ID=cds1223;Parent=gene1251;exception=annotated by transcript or proteomic data;gbkey=CDS;product=replication protein A;pseudo=true;transl_table=11"
"gene1252.fasta",0.00945626477541,"NZ_HG796201.1	Protein Homology	CDS	321209	322612	.	-	0	ID=cds1224;Parent=gene1252;Dbxref=Genbank:WP_042693754.1;Name=WP_042693754.1;gbkey=CDS;product=undecaprenyl-phosphate glucose phosphotransferase;protein_id=WP_042693754.1;transl_table=11"
"gene1255.fasta",0.0639269406393,"NZ_HG796201.1	Protein Homology	CDS	324500	325454	.	-	0	ID=cds1227;Parent=gene1255;exception=annotated by transcript or proteomic data;gbkey=CDS;product=glycosyl transferase;pseudo=true;transl_table=11"
"gene1257.fasta",0.193548387097,"NZ_HG796201.1	Protein Homology	CDS	326592	326873	.	-	0	ID=cds1229;Parent=gene1257;Dbxref=Genbank:WP_042693759.1;Name=WP_042693759.1;gbkey=CDS;product=hypothetical protein;protein_id=WP_042693759.1;transl_table=11"
"gene1258.fasta",0.0392156862745,"NZ_HG796201.1	Protein Homology	CDS	326882	327148	.	-	0	ID=cds1230;Parent=gene1258;Dbxref=Genbank:WP_042693761.1;Name=WP_042693761.1;gbkey=CDS;product=hypothetical protein;protein_id=WP_042693761.1;transl_table=11"
"gene1259.fasta",0.0411522633745,"NZ_HG796201.1	Protein Homology	CDS	327395	328401	.	-	0	ID=cds1231;Parent=gene1259;exception=annotated by transcript or proteomic data;gbkey=CDS;product=spore coat protein;pseudo=true;transl_table=11"
"gene1260.fasta",0.03125,"NZ_HG796201.1	Protein Homology	CDS	328411	328968	.	-	0	ID=cds1232;Parent=gene1260;Dbxref=Genbank:WP_042693763.1;Name=WP_042693763.1;gbkey=CDS;product=dTDP-4-dehydrorhamnose 3%2C5-epimerase;protein_id=WP_042693763.1;transl_table=11"
"gene1261.fasta",0.00966183574879,"NZ_HG796201.1	Protein Homology	CDS	328974	329840	.	-	0	ID=cds1233;Parent=gene1261;Dbxref=Genbank:WP_042693765.1;Name=WP_042693765.1;gbkey=CDS;product=glucose-1-phosphate thymidylyltransferase;protein_id=WP_042693765.1;transl_table=11"
"gene1262.fasta",0.025,"NZ_HG796201.1	Protein Homology	CDS	330169	330618	.	-	0	ID=cds1234;Parent=gene1262;Dbxref=Genbank:WP_042693766.1;Name=WP_042693766.1;gbkey=CDS;product=ribonuclease;protein_id=WP_042693766.1;transl_table=11"
"gene1263.fasta",0.0529801324503,"NZ_HG796201.1	Protein Homology	CDS	330619	331460	.	-	0	ID=cds1235;Parent=gene1263;exception=annotated by transcript or proteomic data;gbkey=CDS;product=spore coat protein;pseudo=true;transl_table=11"
"gene1264.fasta",0.0113636363636,"NZ_HG796201.1	Protein Homology	CDS	331532	332773	.	+	0	ID=cds1236;Parent=gene1264;Dbxref=Genbank:WP_042693767.1;Name=WP_042693767.1;gbkey=CDS;product=UDP-N-acetyl-D-mannosamine dehydrogenase;protein_id=WP_042693767.1;transl_table=11"
"gene1265.fasta",0.0237388724036,"NZ_HG796201.1	Protein Homology	CDS	332776	333984	.	-	0	ID=cds1237;Parent=gene1265;Dbxref=Genbank:WP_042693769.1;Name=WP_042693769.1;gbkey=CDS;product=hypothetical protein;protein_id=WP_042693769.1;transl_table=11"
"gene1266.fasta",0.0888888888889,"NZ_HG796201.1	GeneMarkS+	CDS	334197	334430	.	+	0	ID=cds1238;Parent=gene1266;Dbxref=Genbank:WP_042693770.1;Name=WP_042693770.1;gbkey=CDS;product=hypothetical protein;protein_id=WP_042693770.1;transl_table=11"
"gene1267.fasta",0.0118343195266,"NZ_HG796201.1	Protein Homology	CDS	335075	336328	.	+	0	ID=cds1239;Parent=gene1267;Dbxref=Genbank:WP_042693772.1;Name=WP_042693772.1;Note=catalyzes the isomerization between 2-isopropylmalate and 3-isopropylmalate in leucine biosynthesis;gbkey=CDS;product=3-isopropylmalate dehydratase;protein_id=WP_042693772.1;transl_table=11"
"gene1268.fasta",0.522522522523,"NZ_HG796201.1	Protein Homology	CDS	336748	337788	.	+	0	ID=cds1240;Parent=gene1268;Dbxref=Genbank:WP_042693839.1;Name=WP_042693839.1;Note=catalyzes the formation of 2-oxoglutarate from isocitrate;gbkey=CDS;product=isocitrate dehydrogenase;protein_id=WP_042693839.1;transl_table=11"
"gene1269.fasta",0.015873015873,"NZ_HG796201.1	Protein Homology	CDS	337913	338329	.	+	0	ID=cds1241;Parent=gene1269;Dbxref=Genbank:WP_042693774.1;Name=WP_042693774.1;gbkey=CDS;product=6%2C7-dimethyl-8-ribityllumazine synthase;protein_id=WP_042693774.1;transl_table=11"
"gene1270.fasta",0,"NZ_HG796201.1	Protein Homology	CDS	338338	339273	.	+	0	ID=cds1242;Parent=gene1270;Dbxref=Genbank:WP_042693775.1;Name=WP_042693775.1;gbkey=CDS;product=hypothetical protein;protein_id=WP_042693775.1;transl_table=11"
"gene1271.fasta",0.109195402299,"NZ_HG796201.1	Protein Homology	CDS	339285	340987	.	-	0	ID=cds1243;Parent=gene1271;exception=annotated by transcript or proteomic data;gbkey=CDS;product=dolichyl-phosphate-mannose-protein mannosyltransferase;pseudo=true;transl_table=11"
"gene1272.fasta",0.071129707113,"NZ_HG796201.1	Protein Homology	CDS	341113	343264	.	+	0	ID=cds1244;Parent=gene1272;exception=annotated by transcript or proteomic data;gbkey=CDS;product=hypothetical protein;pseudo=true;transl_table=11"
"gene1273.fasta",0.0576131687243,"NZ_HG796201.1	Protein Homology	CDS	343320	344354	.	+	0	ID=cds1245;Parent=gene1273;Dbxref=Genbank:WP_042693779.1;Name=WP_042693779.1;gbkey=CDS;product=N5-carboxyaminoimidazole ribonucleotide mutase;protein_id=WP_042693779.1;transl_table=11"
"gene1274.fasta",0.0308641975309,"NZ_HG796201.1	Protein Homology	CDS	344344	345600	.	+	0	ID=cds1246;Parent=gene1274;Dbxref=Genbank:WP_042693780.1;Name=WP_042693780.1;gbkey=CDS;product=hypothetical protein;protein_id=WP_042693780.1;transl_table=11"
"gene1276.fasta",0.157407407407,"NZ_HG796201.1	GeneMarkS+	CDS	346522	351831	.	-	0	ID=cds1248;Parent=gene1276;Dbxref=Genbank:WP_042693783.1;Name=WP_042693783.1;gbkey=CDS;product=hypothetical protein;protein_id=WP_042693783.1;transl_table=11"
"gene1277.fasta",0.107692307692,"NZ_HG796201.1	Protein Homology	CDS	352332	353201	.	-	0	ID=cds1249;Parent=gene1277;exception=unextendable partial coding region;gbkey=CDS;partial=true;product=radical SAM protein;pseudo=true;start_range=.,352332;transl_table=11"
"gene1278.fasta",0.215568862275,"NZ_HG796201.1	Protein Homology	CDS	353188	354113	.	-	0	ID=cds1250;Parent=gene1278;exception=annotated by transcript or proteomic data;gbkey=CDS;product=thiamine monophosphate kinase;pseudo=true;transl_table=11"
"gene1279.fasta",0.015873015873,"NZ_HG796201.1	Protein Homology	CDS	354171	354632	.	-	0	ID=cds1251;Parent=gene1279;Dbxref=Genbank:WP_042693785.1;Name=WP_042693785.1;gbkey=CDS;product=sirohydrochlorin cobaltochelatase;protein_id=WP_042693785.1;transl_table=11"
"gene1280.fasta",0.127906976744,"NZ_HG796201.1	Protein Homology	CDS	354692	355612	.	-	0	ID=cds1252;Parent=gene1280;Dbxref=Genbank:WP_042693787.1;Name=WP_042693787.1;gbkey=CDS;product=sirohydrochlorin cobaltochelatase;protein_id=WP_042693787.1;transl_table=11"
"gene1281.fasta",0.0449438202247,"NZ_HG796201.1	Protein Homology	CDS	355584	355982	.	-	0	ID=cds1253;Parent=gene1281;Dbxref=Genbank:WP_042693788.1;Name=WP_042693788.1;gbkey=CDS;product=transcriptional regulator;protein_id=WP_042693788.1;transl_table=11"
"gene1282.fasta",0.0918367346939,"NZ_HG796201.1	Protein Homology	CDS	356155	357092	.	+	0	ID=cds1254;Parent=gene1282;exception=annotated by transcript or proteomic data;gbkey=CDS;product=hypothetical protein;pseudo=true;transl_table=11"
"gene1283.fasta",0.11320754717,"NZ_HG796201.1	Protein Homology	CDS	357092	357939	.	+	0	ID=cds1255;Parent=gene1283;exception=annotated by transcript or proteomic data;gbkey=CDS;product=hypothetical protein;pseudo=true;transl_table=11"
"gene1284.fasta",0.0863787375415,"NZ_HG796201.1	Protein Homology	CDS	357936	359186	.	-	0	ID=cds1256;Parent=gene1284;Dbxref=Genbank:WP_042693843.1;Name=WP_042693843.1;gbkey=CDS;product=divalent cation transporter;protein_id=WP_042693843.1;transl_table=11"
"gene1286.fasta",0.0130718954248,"NZ_HG796201.1	Protein Homology	CDS	359828	360899	.	-	0	ID=cds1258;Parent=gene1286;exception=annotated by transcript or proteomic data;gbkey=CDS;product=cobalt-precorrin-3B C(17)-methyltransferase;pseudo=true;transl_table=11"
"gene266.fasta",0.20987654321,"NZ_HG796199.1	Protein Homology	CDS	259449	260366	.	-	0	ID=cds258;Parent=gene266;Dbxref=Genbank:WP_042691696.1;Name=WP_042691696.1;gbkey=CDS;product=hypothetical protein;protein_id=WP_042691696.1;transl_table=11"
"gene267.fasta",0.139534883721,"NZ_HG796199.1	Protein Homology	CDS	260419	260940	.	-	0	ID=cds259;Parent=gene267;Dbxref=Genbank:WP_042691698.1;Name=WP_042691698.1;gbkey=CDS;product=hypothetical protein;protein_id=WP_042691698.1;transl_table=11"
"gene268.fasta",0.0609756097561,"NZ_HG796199.1	Protein Homology	CDS	260979	261668	.	+	0	ID=cds260;Parent=gene268;Dbxref=Genbank:WP_042691700.1;Name=WP_042691700.1;gbkey=CDS;product=2-phosphosulfolactate phosphatase;protein_id=WP_042691700.1;transl_table=11"
"gene269.fasta",3.63636363636,"NZ_HG796199.1	Protein Homology	CDS	261730	262899	.	+	0	ID=cds261;Parent=gene269;Dbxref=Genbank:WP_042691703.1;Name=WP_042691703.1;gbkey=CDS;product=conjugal transfer protein TraB;protein_id=WP_042691703.1;transl_table=11"
"gene270.fasta",2.4,"NZ_HG796199.1	Protein Homology	CDS	262954	263166	.	+	0	ID=cds262;Parent=gene270;Dbxref=Genbank:WP_042691705.1;Name=WP_042691705.1;gbkey=CDS;product=hypothetical protein;protein_id=WP_042691705.1;transl_table=11"
"gene271.fasta",3.3,"NZ_HG796199.1	Protein Homology	CDS	263189	264511	.	+	0	ID=cds263;Parent=gene271;Dbxref=Genbank:WP_042691708.1;Name=WP_042691708.1;gbkey=CDS;product=hypothetical protein;protein_id=WP_042691708.1;transl_table=11"
"gene272.fasta",0.246913580247,"NZ_HG796199.1	Protein Homology	CDS	264513	265457	.	+	0	ID=cds264;Parent=gene272;Dbxref=Genbank:WP_042691711.1;Name=WP_042691711.1;gbkey=CDS;product=sodium:proton exchanger;protein_id=WP_042691711.1;transl_table=11"
"gene273.fasta",0.826086956522,"NZ_HG796199.1	Protein Homology	CDS	265425	266291	.	-	0	ID=cds265;Parent=gene273;Dbxref=Genbank:WP_042691713.1;Name=WP_042691713.1;gbkey=CDS;product=ATPase;protein_id=WP_042691713.1;transl_table=11"
"gene274.fasta",0.047619047619,"NZ_HG796199.1	Protein Homology	CDS	266344	266649	.	+	0	ID=cds266;Parent=gene274;Dbxref=Genbank:WP_042691716.1;Name=WP_042691716.1;gbkey=CDS;product=hypothetical protein;protein_id=WP_042691716.1;transl_table=11"
"gene275.fasta",0.507317073171,"NZ_HG796199.1	Protein Homology	CDS	266682	268421	.	-	0	ID=cds267;Parent=gene275;Dbxref=Genbank:WP_052331739.1;Name=WP_052331739.1;gbkey=CDS;product=hypothetical protein;protein_id=WP_052331739.1;transl_table=11"
"gene276.fasta",0,"NZ_HG796199.1	Protein Homology	CDS	268406	268753	.	-	0	ID=cds268;Parent=gene276;Dbxref=Genbank:WP_042691718.1;Name=WP_042691718.1;gbkey=CDS;product=hypothetical protein;protein_id=WP_042691718.1;transl_table=11"
"gene277.fasta",0.0714285714286,"NZ_HG796199.1	Protein Homology	CDS	269083	270135	.	-	0	ID=cds269;Parent=gene277;Dbxref=Genbank:WP_042691721.1;Name=WP_042691721.1;gbkey=CDS;product=hypothetical protein;protein_id=WP_042691721.1;transl_table=11"
"gene278.fasta",0.051724137931,"NZ_HG796199.1	Protein Homology	CDS	270128	270556	.	-	0	ID=cds270;Parent=gene278;Dbxref=Genbank:WP_042691725.1;Name=WP_042691725.1;gbkey=CDS;product=hypothetical protein;protein_id=WP_042691725.1;transl_table=11"
"gene281.fasta",0,"NZ_HG796199.1	GeneMarkS+	CDS	272572	273111	.	-	0	ID=cds273;Parent=gene281;Dbxref=Genbank:WP_042691729.1;Name=WP_042691729.1;gbkey=CDS;product=hypothetical protein;protein_id=WP_042691729.1;transl_table=11"
"gene282.fasta",0.04,"NZ_HG796199.1	GeneMarkS+	CDS	273647	274045	.	-	0	ID=cds274;Parent=gene282;Dbxref=Genbank:WP_042691731.1;Name=WP_042691731.1;gbkey=CDS;product=hypothetical protein;protein_id=WP_042691731.1;transl_table=11"
"gene284.fasta",0.020618556701,"NZ_HG796199.1	Protein Homology	CDS	276225	277166	.	+	0	ID=cds276;Parent=gene284;Dbxref=Genbank:WP_042691733.1;Name=WP_042691733.1;gbkey=CDS;product=radical SAM/SPASM domain-containing protein;protein_id=WP_042691733.1;transl_table=11"
"gene285.fasta",0.0854700854701,"NZ_HG796199.1	Protein Homology	CDS	277251	278369	.	-	0	ID=cds277;Parent=gene285;Dbxref=Genbank:WP_042691736.1;Name=WP_042691736.1;gbkey=CDS;product=aminotransferase DegT;protein_id=WP_042691736.1;transl_table=11"
"gene286.fasta",0.71186440678,"NZ_HG796199.1	Protein Homology	CDS	278468	279628	.	+	0	ID=cds278;Parent=gene286;Dbxref=Genbank:WP_042691738.1;Name=WP_042691738.1;gbkey=CDS;product=tRNA (guanine(10)-N(2))-dimethyltransferase;protein_id=WP_042691738.1;transl_table=11"
"gene287.fasta",0.0731707317073,"NZ_HG796199.1	Protein Homology	CDS	279928	280404	.	+	0	ID=cds279;Parent=gene287;Dbxref=Genbank:WP_042691742.1;Name=WP_042691742.1;gbkey=CDS;product=AsnC family transcriptional regulator;protein_id=WP_042691742.1;transl_table=11"
"gene288.fasta",0.366666666667,"NZ_HG796199.1	Protein Homology	CDS	280583	281520	.	+	0	ID=cds280;Parent=gene288;Note=MptA%3B in Methanocaldococcus this protein converts GTP to 7%2C8-dihydro-D-neopterin 2'%2C3'-cyclic phosphate as the first step in methanopterin biosynthesis;exception=annotated by transcript or proteomic data;gbkey=CDS;product=GTP cyclohydrolase;pseudo=true;transl_table=11"
"gene289.fasta",0.131578947368,"NZ_HG796199.1	Protein Homology	CDS	281525	281965	.	+	0	ID=cds281;Parent=gene289;Dbxref=Genbank:WP_042691745.1;Name=WP_042691745.1;gbkey=CDS;product=hypothetical protein;protein_id=WP_042691745.1;transl_table=11"
"gene290.fasta",0.0782608695652,"NZ_HG796199.1	Protein Homology	CDS	281962	283062	.	+	0	ID=cds282;Parent=gene290;Dbxref=Genbank:WP_042691747.1;Name=WP_042691747.1;Note=7%2C8-didemethyl-8-hydroxy-5-deazariboflavin synthase subunit 1%3B catalyzes radical-mediated transfer of hydroxybenzyl group from 4-hydroxyphenylpyruvate (HPP) to 5-amino-6-ribitylamino-2%2C4(1H%2C3H)-pyrimidinedione to form 7%2C8-didemethyl-8-hydroxy-5-deazariboflavin (FO)%3B functions in F420 biosynthesis along with cofH;gbkey=CDS;gene=cofG;product=7%2C8-didemethyl-8-hydroxy-5-deazariboflavin synthase subunit CofG;protein_id=WP_042691747.1;transl_table=11"
"gene291.fasta",0,"NZ_HG796199.1	Protein Homology	CDS	283040	283777	.	-	0	ID=cds283;Parent=gene291;Dbxref=Genbank:WP_042691749.1;Name=WP_042691749.1;gbkey=CDS;product=SAM-dependent methyltransferase;protein_id=WP_042691749.1;transl_table=11"
"gene293.fasta",0,"NZ_HG796199.1	Protein Homology	CDS	284707	286620	.	+	0	ID=cds285;Parent=gene293;Dbxref=Genbank:WP_042691754.1;Name=WP_042691754.1;gbkey=CDS;product=hypothetical protein;protein_id=WP_042691754.1;transl_table=11"
"gene294.fasta",0.013698630137,"NZ_HG796199.1	Protein Homology	CDS	286724	287743	.	+	0	ID=cds286;Parent=gene294;Dbxref=Genbank:WP_042691757.1;Name=WP_042691757.1;gbkey=CDS;product=phosphoribosylformylglycinamidine cyclo-ligase;protein_id=WP_042691757.1;transl_table=11"
"gene295.fasta",0.0628272251309,"NZ_HG796199.1	Protein Homology	CDS	287763	288791	.	+	0	ID=cds287;Parent=gene295;Dbxref=Genbank:WP_042691759.1;Name=WP_042691759.1;gbkey=CDS;product=sulfolactate dehydrogenase;protein_id=WP_042691759.1;transl_table=11"
"gene296.fasta",0.0637254901961,"NZ_HG796199.1	GeneMarkS+	CDS	289082	291349	.	+	0	ID=cds288;Parent=gene296;Dbxref=Genbank:WP_042691762.1;Name=WP_042691762.1;gbkey=CDS;product=hypothetical protein;protein_id=WP_042691762.1;transl_table=11"
"gene297.fasta",0.114864864865,"NZ_HG796199.1	Protein Homology	CDS	291361	293160	.	-	0	ID=cds289;Parent=gene297;Dbxref=Genbank:WP_042691764.1;Name=WP_042691764.1;gbkey=CDS;product=DNA polymerase;protein_id=WP_042691764.1;transl_table=11"
"gene298.fasta",0.0613026819923,"NZ_HG796199.1	Protein Homology	CDS	293162	294181	.	-	0	ID=cds290;Parent=gene298;Dbxref=Genbank:WP_042691766.1;Name=WP_042691766.1;gbkey=CDS;product=AI-2E family transporter;protein_id=WP_042691766.1;transl_table=11"
"gene299.fasta",0.12676056338,"NZ_HG796199.1	Protein Homology	CDS	294197	294997	.	-	0	ID=cds291;Parent=gene299;Dbxref=Genbank:WP_042691769.1;Name=WP_042691769.1;gbkey=CDS;product=dihydroorotate dehydrogenase electron transfer subunit;protein_id=WP_042691769.1;transl_table=11"
"gene300.fasta",0.0379146919431,"NZ_HG796199.1	Protein Homology	CDS	295000	295911	.	-	0	ID=cds292;Parent=gene300;Dbxref=Genbank:WP_042691771.1;Name=WP_042691771.1;gbkey=CDS;product=dihydroorotate dehydrogenase;protein_id=WP_042691771.1;transl_table=11"
"gene301.fasta",0.196078431373,"NZ_HG796199.1	Protein Homology	CDS	295948	296493	.	-	0	ID=cds293;Parent=gene301;Dbxref=Genbank:WP_042691774.1;Name=WP_042691774.1;gbkey=CDS;product=glycosyl transferase;protein_id=WP_042691774.1;transl_table=11"
"gene302.fasta",0.157024793388,"NZ_HG796199.1	Protein Homology	CDS	296587	297742	.	+	0	ID=cds294;Parent=gene302;exception=annotated by transcript or proteomic data;gbkey=CDS;product=ATP-binding protein;pseudo=true;transl_table=11"
"gene303.fasta",0,"NZ_HG796199.1	Protein Homology	CDS	297739	298380	.	+	0	ID=cds295;Parent=gene303;Dbxref=Genbank:WP_042691777.1;Name=WP_042691777.1;Note=involved in pre-rRNA processing;gbkey=CDS;product=fibrillarin;protein_id=WP_042691777.1;transl_table=11"
"gene310.fasta",0.00701754385965,"NZ_HG796199.1	Protein Homology	CDS	303197	304138	.	-	0	ID=cds302;Parent=gene310;Dbxref=Genbank:WP_042691791.1;Name=WP_042691791.1;gbkey=CDS;product=CBS domain-containing protein;protein_id=WP_042691791.1;transl_table=11"
"gene318.fasta",0.0549828178694,"NZ_HG796199.1	Protein Homology	CDS	316766	317839	.	+	0	ID=cds310;Parent=gene318;Dbxref=Genbank:WP_042691813.1;Name=WP_042691813.1;gbkey=CDS;product=DNA polymerase subunit beta;protein_id=WP_042691813.1;transl_table=11"
"gene319.fasta",0.0322580645161,"NZ_HG796199.1	Protein Homology	CDS	317985	318770	.	+	0	ID=cds311;Parent=gene319;Dbxref=Genbank:WP_042691815.1;Name=WP_042691815.1;gbkey=CDS;product=CRISPR-associated protein Cas4;protein_id=WP_042691815.1;transl_table=11"
"gene320.fasta",0.158415841584,"NZ_HG796199.1	Protein Homology	CDS	318771	319429	.	-	0	ID=cds312;Parent=gene320;exception=annotated by transcript or proteomic data;gbkey=CDS;product=hypothetical protein;pseudo=true;transl_table=11"
"gene321.fasta",1.71428571429,"NZ_HG796199.1	Protein Homology	CDS	319416	319685	.	-	0	ID=cds313;Parent=gene321;Dbxref=Genbank:WP_042691816.1;Name=WP_042691816.1;gbkey=CDS;product=hypothetical protein;protein_id=WP_042691816.1;transl_table=11"
"gene322.fasta",0.181818181818,"NZ_HG796199.1	Protein Homology	CDS	319696	320694	.	-	0	ID=cds314;Parent=gene322;Dbxref=Genbank:WP_042691820.1;Name=WP_042691820.1;gbkey=CDS;product=NADH dehydrogenase;protein_id=WP_042691820.1;transl_table=11"
"gene323.fasta",0.0786026200873,"NZ_HG796199.1	Protein Homology	CDS	320699	321826	.	-	0	ID=cds315;Parent=gene323;Dbxref=Genbank:WP_042691823.1;Name=WP_042691823.1;gbkey=CDS;product=hypothetical protein;protein_id=WP_042691823.1;transl_table=11"
"gene328.fasta",0.0144927536232,"NZ_HG796199.1	Protein Homology	CDS	324458	324931	.	-	0	ID=cds320;Parent=gene328;Dbxref=Genbank:WP_042691835.1;Name=WP_042691835.1;Note=subunit B of antiporter complex involved in resistance to high concentrations of Na+%2C K+%2C Li+ and/or alkali;gbkey=CDS;product=monovalent cation/H+ antiporter subunit B;protein_id=WP_042691835.1;transl_table=11"
"gene329.fasta",1.2,"NZ_HG796199.1	Protein Homology	CDS	324928	325167	.	-	0	ID=cds321;Parent=gene329;Dbxref=Genbank:WP_042692159.1;Name=WP_042692159.1;gbkey=CDS;product=hypothetical protein;protein_id=WP_042692159.1;transl_table=11"
"gene331.fasta",0.0350877192982,"NZ_HG796199.1	Protein Homology	CDS	325534	326988	.	-	0	ID=cds323;Parent=gene331;Dbxref=Genbank:WP_042691842.1;Name=WP_042691842.1;gbkey=CDS;product=hydrogenase;protein_id=WP_042691842.1;transl_table=11"
"gene332.fasta",0.268656716418,"NZ_HG796199.1	Protein Homology	CDS	326981	327370	.	-	0	ID=cds324;Parent=gene332;Dbxref=Genbank:WP_042691844.1;Name=WP_042691844.1;gbkey=CDS;product=hypothetical protein;protein_id=WP_042691844.1;transl_table=11"
"gene333.fasta",0.0740740740741,"NZ_HG796199.1	Protein Homology	CDS	327367	327600	.	-	0	ID=cds325;Parent=gene333;Dbxref=Genbank:WP_042691847.1;Name=WP_042691847.1;gbkey=CDS;product=hypothetical protein;protein_id=WP_042691847.1;transl_table=11"
"gene334.fasta",0.043956043956,"NZ_HG796199.1	Protein Homology	CDS	327602	328030	.	-	0	ID=cds326;Parent=gene334;Dbxref=Genbank:WP_042691850.1;Name=WP_042691850.1;gbkey=CDS;product=cation:proton antiporter;protein_id=WP_042691850.1;transl_table=11"
"gene335.fasta",0,"NZ_HG796199.1	Protein Homology	CDS	328030	328290	.	-	0	ID=cds327;Parent=gene335;Dbxref=Genbank:WP_042691853.1;Name=WP_042691853.1;gbkey=CDS;product=hypothetical protein;protein_id=WP_042691853.1;transl_table=11"
"gene336.fasta",0.0238095238095,"NZ_HG796199.1	Protein Homology	CDS	328346	328660	.	-	0	ID=cds328;Parent=gene336;Dbxref=Genbank:WP_042691855.1;Name=WP_042691855.1;Note=subunit E of antiporter complex involved in resistance to high concentrations of Na+%2C K+%2C Li+ and/or alkali;gbkey=CDS;product=monovalent cation/H+ antiporter subunit E;protein_id=WP_042691855.1;transl_table=11"
"gene337.fasta",0.0818181818182,"NZ_HG796199.1	Protein Homology	CDS	328832	329803	.	+	0	ID=cds329;Parent=gene337;Dbxref=Genbank:WP_042691858.1;Name=WP_042691858.1;gbkey=CDS;product=arsenic resistance protein;protein_id=WP_042691858.1;transl_table=11"
"gene338.fasta",0.015625,"NZ_HG796199.1	Protein Homology	CDS	329796	330496	.	-	0	ID=cds330;Parent=gene338;exception=annotated by transcript or proteomic data;gbkey=CDS;product=hydrolase;pseudo=true;transl_table=11"
"gene339.fasta",0.0661157024793,"NZ_HG796199.1	Protein Homology	CDS	330625	331365	.	-	0	ID=cds331;Parent=gene339;Dbxref=Genbank:WP_042691860.1;Name=WP_042691860.1;gbkey=CDS;product=deacylase;protein_id=WP_042691860.1;transl_table=11"
"gene340.fasta",0.00750469043152,"NZ_HG796199.1	Protein Homology	CDS	331425	333340	.	+	0	ID=cds332;Parent=gene340;exception=annotated by transcript or proteomic data;gbkey=CDS;product=AAA family ATPase;pseudo=true;transl_except=(pos:332143..332145%2Caa:Other);transl_table=11"
"gene342.fasta",0.026402640264,"NZ_HG796199.1	Protein Homology	CDS	334156	335331	.	+	0	ID=cds334;Parent=gene342;Dbxref=Genbank:WP_042691865.1;Name=WP_042691865.1;Note=catalyzes the formation of 2-N(omega)-(L-arginino)succinate from L-citrulline and L-aspartate in arginine biosynthesis%2C AMP-forming;gbkey=CDS;product=argininosuccinate synthase;protein_id=WP_042691865.1;transl_table=11"
"gene343.fasta",0,"NZ_HG796199.1	Protein Homology	CDS	335346	335999	.	-	0	ID=cds335;Parent=gene343;Dbxref=Genbank:WP_042691868.1;Name=WP_042691868.1;gbkey=CDS;product=sugar fermentation stimulation protein SfsA;protein_id=WP_042691868.1;transl_table=11"
"gene344.fasta",0.0786885245902,"NZ_HG796199.1	Protein Homology	CDS	336030	337579	.	-	0	ID=cds336;Parent=gene344;exception=annotated by transcript or proteomic data;gbkey=CDS;product=sugar kinase;pseudo=true;transl_table=11"
"gene345.fasta",0.0082304526749,"NZ_HG796199.1	Protein Homology	CDS	338069	338959	.	-	0	ID=cds337;Parent=gene345;Dbxref=Genbank:WP_042691869.1;Name=WP_042691869.1;Note=catalyzes the transfer of a formyl group from formylmethanofuran to tetrahydromethanopterin tetrahydromethanopterin;gbkey=CDS;product=formylmethanofuran--tetrahydromethanopterin N-formyltransferase;protein_id=WP_042691869.1;transl_table=11"
"gene346.fasta",0.0666666666667,"NZ_HG796199.1	Protein Homology	CDS	339045	340103	.	-	0	ID=cds338;Parent=gene346;Dbxref=Genbank:WP_042691872.1;Name=WP_042691872.1;gbkey=CDS;product=membrane protein;protein_id=WP_042691872.1;transl_table=11"
"gene347.fasta",0.0487804878049,"NZ_HG796199.1	Protein Homology	CDS	340176	341608	.	+	0	ID=cds339;Parent=gene347;exception=annotated by transcript or proteomic data;gbkey=CDS;product=potassium transporter;pseudo=true;transl_table=11"
"gene348.fasta",0.0220994475138,"NZ_HG796199.1	Protein Homology	CDS	341664	342314	.	+	0	ID=cds340;Parent=gene348;Dbxref=Genbank:WP_042691875.1;Name=WP_042691875.1;gbkey=CDS;product=potassium transporter TrkA;protein_id=WP_042691875.1;transl_table=11"
"gene349.fasta",0.0994152046784,"NZ_HG796199.1	Protein Homology	CDS	342371	343923	.	-	0	ID=cds341;Parent=gene349;exception=annotated by transcript or proteomic data;gbkey=CDS;product=multidrug transporter MatE;pseudo=true;transl_table=11"
"gene350.fasta",0.0132450331126,"NZ_HG796199.1	Protein Homology	CDS	344368	344883	.	-	0	ID=cds342;Parent=gene350;Dbxref=Genbank:WP_052331742.1;Name=WP_052331742.1;gbkey=CDS;product=hypothetical protein;protein_id=WP_052331742.1;transl_table=11"
"gene351.fasta",0.0645161290323,"NZ_HG796199.1	Protein Homology	CDS	344969	345583	.	-	0	ID=cds343;Parent=gene351;Dbxref=Genbank:WP_042691878.1;Name=WP_042691878.1;gbkey=CDS;product=MBL fold metallo-hydrolase;protein_id=WP_042691878.1;transl_table=11"
"gene359.fasta",0.115107913669,"NZ_HG796199.1	Protein Homology	CDS	346983	347972	.	+	0	ID=cds345;Parent=gene359;Dbxref=Genbank:WP_042691883.1;Name=WP_042691883.1;gbkey=CDS;product=radical SAM protein;protein_id=WP_042691883.1;transl_table=11"
"gene360.fasta",0.2,"NZ_HG796199.1	Protein Homology	CDS	348007	348978	.	+	0	ID=cds346;Parent=gene360;Dbxref=Genbank:WP_042691885.1;Name=WP_042691885.1;gbkey=CDS;product=hypothetical protein;protein_id=WP_042691885.1;transl_table=11"
"gene361.fasta",0.631578947368,"NZ_HG796199.1	Protein Homology	CDS	348988	349242	.	+	0	ID=cds347;Parent=gene361;Dbxref=Genbank:WP_042691888.1;Name=WP_042691888.1;gbkey=CDS;product=hypothetical protein;protein_id=WP_042691888.1;transl_table=11"
"gene362.fasta",0.0530973451327,"NZ_HG796199.1	Protein Homology	CDS	349239	349754	.	+	0	ID=cds348;Parent=gene362;Dbxref=Genbank:WP_042691891.1;Name=WP_042691891.1;gbkey=CDS;product=hypothetical protein;protein_id=WP_042691891.1;transl_table=11"
"gene363.fasta",0.0661764705882,"NZ_HG796199.1	Protein Homology	CDS	349899	351251	.	+	0	ID=cds349;Parent=gene363;Dbxref=Genbank:WP_042691893.1;Name=WP_042691893.1;gbkey=CDS;product=aspartyl/glutamyl-tRNA amidotransferase subunit B;protein_id=WP_042691893.1;transl_table=11"
"gene364.fasta",0.0363636363636,"NZ_HG796199.1	Protein Homology	CDS	351268	352071	.	+	0	ID=cds350;Parent=gene364;Dbxref=Genbank:WP_042692168.1;Name=WP_042692168.1;gbkey=CDS;product=hypothetical protein;protein_id=WP_042692168.1;transl_table=11"
"gene365.fasta",0.103448275862,"NZ_HG796199.1	Protein Homology	CDS	352072	352362	.	+	0	ID=cds351;Parent=gene365;Dbxref=Genbank:WP_042691894.1;Name=WP_042691894.1;gbkey=CDS;product=phosphoribosyl-ATP pyrophosphatase;protein_id=WP_042691894.1;transl_table=11"
"gene366.fasta",0.147368421053,"NZ_HG796199.1	Protein Homology	CDS	352436	353203	.	+	0	ID=cds352;Parent=gene366;Dbxref=Genbank:WP_042692171.1;Name=WP_042692171.1;gbkey=CDS;product=ABC transporter;protein_id=WP_042692171.1;transl_table=11"
"gene367.fasta",0.224137931034,"NZ_HG796199.1	Protein Homology	CDS	353312	354043	.	+	0	ID=cds353;Parent=gene367;Dbxref=Genbank:WP_042692173.1;Name=WP_042692173.1;gbkey=CDS;product=teichoic acid ABC transporter ATP-binding protein;protein_id=WP_042692173.1;transl_table=11"
"gene368.fasta",0,"NZ_HG796199.1	GeneMarkS+	CDS	354046	354555	.	+	0	ID=cds354;Parent=gene368;Dbxref=Genbank:WP_042691896.1;Name=WP_042691896.1;gbkey=CDS;product=hypothetical protein;protein_id=WP_042691896.1;transl_table=11"
"gene369.fasta",0.128205128205,"NZ_HG796199.1	Protein Homology	CDS	354567	355124	.	-	0	ID=cds355;Parent=gene369;Dbxref=Genbank:WP_042691899.1;Name=WP_042691899.1;gbkey=CDS;product=acetyltransferase;protein_id=WP_042691899.1;transl_table=11"
"gene370.fasta",0.0606060606061,"NZ_HG796199.1	Protein Homology	CDS	355126	355886	.	-	0	ID=cds356;Parent=gene370;exception=annotated by transcript or proteomic data;gbkey=CDS;product=hypothetical protein;pseudo=true;transl_table=11"
"gene371.fasta",0.257142857143,"NZ_HG796199.1	Protein Homology	CDS	355967	358211	.	+	0	ID=cds357;Parent=gene371;exception=annotated by transcript or proteomic data;gbkey=CDS;product=transcriptional regulator;pseudo=true;transl_table=11"
"gene372.fasta",0.05,"NZ_HG796199.1	Protein Homology	CDS	358197	358763	.	-	0	ID=cds358;Parent=gene372;Dbxref=Genbank:WP_052331748.1;Name=WP_052331748.1;gbkey=CDS;product=transcriptional regulator;protein_id=WP_052331748.1;transl_table=11"
"gene374.fasta",0.00718132854578,"NZ_HG796199.1	Protein Homology	CDS	359607	361469	.	+	0	ID=cds360;Parent=gene374;Dbxref=Genbank:WP_042691902.1;Name=WP_042691902.1;Note=heat shock protein 70%3B assists in folding of nascent polypeptide chains%3B refolding of misfolded proteins%3B utilizes ATPase activity to help fold%3B co-chaperones are DnaJ and GrpE%3B multiple copies in some bacteria;gbkey=CDS;gene=dnaK;product=molecular chaperone DnaK;protein_id=WP_042691902.1;transl_table=11"
"gene375.fasta",0.100840336134,"NZ_HG796199.1	Protein Homology	CDS	361597	362742	.	+	0	ID=cds361;Parent=gene375;Dbxref=Genbank:WP_042691904.1;Name=WP_042691904.1;Note=chaperone Hsp40%3B co-chaperone with DnaK%3B Participates actively in the response to hyperosmotic and heat shock by preventing the aggregation of stress-denatured proteins and by disaggregating proteins%2C also in an autonomous%2C dnaK-independent fashion;gbkey=CDS;product=molecular chaperone DnaJ;protein_id=WP_042691904.1;transl_table=11"
"gene376.fasta",0.2828854314,"NZ_HG796199.1	Protein Homology	CDS	363032	367291	.	-	0	ID=cds362;Parent=gene376;Dbxref=Genbank:WP_042691907.1;Name=WP_042691907.1;gbkey=CDS;product=hypothetical protein;protein_id=WP_042691907.1;transl_table=11"
"gene380.fasta",0.18018018018,"NZ_HG796199.1	Protein Homology	CDS	373456	373968	.	-	0	ID=cds364;Parent=gene380;Dbxref=Genbank:WP_042691910.1;Name=WP_042691910.1;gbkey=CDS;product=hypothetical protein;protein_id=WP_042691910.1;transl_table=11"
"gene381.fasta",0.0238095238095,"NZ_HG796199.1	Protein Homology	CDS	373978	374382	.	-	0	ID=cds365;Parent=gene381;Dbxref=Genbank:WP_042691913.1;Name=WP_042691913.1;gbkey=CDS;product=membrane protein;protein_id=WP_042691913.1;transl_table=11"
"gene382.fasta",0.220472440945,"NZ_HG796199.1	Protein Homology	CDS	374474	375391	.	+	0	ID=cds366;Parent=gene382;Dbxref=Genbank:WP_042691916.1;Name=WP_042691916.1;Note=catalyzes the removal of N-terminal amino acids from peptides and arylamides;gbkey=CDS;product=type II methionyl aminopeptidase;protein_id=WP_042691916.1;transl_table=11"
"gene383.fasta",0.0392156862745,"NZ_HG796199.1	Protein Homology	CDS	375440	376291	.	-	0	ID=cds367;Parent=gene383;Dbxref=Genbank:WP_042691919.1;Name=WP_042691919.1;gbkey=CDS;product=coenzyme F420-reducing hydrogenase;protein_id=WP_042691919.1;transl_table=11"
"gene384.fasta",0.168067226891,"NZ_HG796199.1	Protein Homology	CDS	376303	377118	.	-	0	ID=cds368;Parent=gene384;Dbxref=Genbank:WP_042691922.1;Name=WP_042691922.1;gbkey=CDS;product=coenzyme F420 hydrogenase subunit gamma;protein_id=WP_042691922.1;transl_table=11"
"gene385.fasta",0.552631578947,"NZ_HG796199.1	Protein Homology	CDS	377070	377687	.	-	0	ID=cds369;Parent=gene385;Dbxref=Genbank:WP_042691924.1;Name=WP_042691924.1;gbkey=CDS;product=coenzyme F420-reducing hydrogenase%2C FrhD protein;protein_id=WP_042691924.1;transl_table=11"
"gene386.fasta",0.481203007519,"NZ_HG796199.1	Protein Homology	CDS	377712	378929	.	-	0	ID=cds370;Parent=gene386;Dbxref=Genbank:WP_042691926.1;Name=WP_042691926.1;gbkey=CDS;product=coenzyme F420 hydrogenase subunit alpha;protein_id=WP_042691926.1;transl_table=11"
"gene387.fasta",0.031007751938,"NZ_HG796199.1	Protein Homology	CDS	379176	379694	.	+	0	ID=cds371;Parent=gene387;Dbxref=Genbank:WP_042691929.1;Name=WP_042691929.1;gbkey=CDS;product=hypothetical protein;protein_id=WP_042691929.1;transl_table=11"
"gene390.fasta",0.00557103064067,"NZ_HG796199.1	Protein Homology	CDS	379993	381169	.	-	0	ID=cds372;Parent=gene390;exception=annotated by transcript or proteomic data;gbkey=CDS;product=phosphotransferase;pseudo=true;transl_table=11"
"gene391.fasta",0.388888888889,"NZ_HG796199.1	Protein Homology	CDS	381233	382006	.	-	0	ID=cds373;Parent=gene391;Dbxref=Genbank:WP_042691931.1;Name=WP_042691931.1;gbkey=CDS;product=proteasome assembly chaperone family protein;protein_id=WP_042691931.1;transl_table=11"
"gene392.fasta",0.421052631579,"NZ_HG796199.1	Protein Homology	CDS	382011	382178	.	-	0	ID=cds374;Parent=gene392;Dbxref=Genbank:WP_042691933.1;Name=WP_042691933.1;gbkey=CDS;product=ribosome biogenesis protein Nop10;protein_id=WP_042691933.1;transl_table=11"
"gene393.fasta",0.0981595092025,"NZ_HG796199.1	Protein Homology	CDS	382185	382982	.	-	0	ID=cds375;Parent=gene393;Dbxref=Genbank:WP_042691935.1;Name=WP_042691935.1;Note=eIF-2A%3B functions in the early steps of protein synthesis by forming a ternary complex with GTP and initiator tRNA;gbkey=CDS;product=translation initiation factor IF-2 subunit alpha;protein_id=WP_042691935.1;transl_table=11"
"gene394.fasta",0,"NZ_HG796199.1	Protein Homology	CDS	383044	383223	.	-	0	ID=cds376;Parent=gene394;Dbxref=Genbank:WP_042691937.1;Name=WP_042691937.1;gbkey=CDS;product=30S ribosomal protein S27;protein_id=WP_042691937.1;transl_table=11"
"gene395.fasta",0.0641025641026,"NZ_HG796199.1	Protein Homology	CDS	383772	384596	.	-	0	ID=cds377;Parent=gene395;Dbxref=Genbank:WP_042691940.1;Name=WP_042691940.1;gbkey=CDS;product=hypothetical protein;protein_id=WP_042691940.1;transl_table=11"
"gene396.fasta",0.433734939759,"NZ_HG796199.1	Protein Homology	CDS	384640	385374	.	-	0	ID=cds378;Parent=gene396;Dbxref=Genbank:WP_042691943.1;Name=WP_042691943.1;gbkey=CDS;product=proliferating cell nuclear antigen (pcna);protein_id=WP_042691943.1;transl_table=11"
"gene397.fasta",0.5,"NZ_HG796199.1	Protein Homology	CDS	385655	386056	.	-	0	ID=cds379;Parent=gene397;Dbxref=Genbank:WP_042691945.1;Name=WP_042691945.1;gbkey=CDS;product=hypothetical protein;protein_id=WP_042691945.1;transl_table=11"
"gene398.fasta",0.0506329113924,"NZ_HG796199.1	Protein Homology	CDS	386090	386812	.	-	0	ID=cds380;Parent=gene398;Dbxref=Genbank:WP_042691948.1;Name=WP_042691948.1;gbkey=CDS;product=hypothetical protein;protein_id=WP_042691948.1;transl_table=11"
"gene399.fasta",0.0325203252033,"NZ_HG796199.1	Protein Homology	CDS	386821	387288	.	-	0	ID=cds381;Parent=gene399;Dbxref=Genbank:WP_052331743.1;Name=WP_052331743.1;gbkey=CDS;product=hypothetical protein;protein_id=WP_052331743.1;transl_table=11"
"gene400.fasta",0.0888888888889,"NZ_HG796199.1	Protein Homology	CDS	387261	387518	.	-	0	ID=cds382;Parent=gene400;Dbxref=Genbank:WP_052331744.1;Name=WP_052331744.1;gbkey=CDS;product=hypothetical protein;protein_id=WP_052331744.1;transl_table=11"
"gene401.fasta",0,"NZ_HG796199.1	Protein Homology	CDS	387518	387721	.	-	0	ID=cds383;Parent=gene401;Dbxref=Genbank:WP_042691950.1;Name=WP_042691950.1;gbkey=CDS;product=transcriptional regulator;protein_id=WP_042691950.1;transl_table=11"
"gene402.fasta",0.0778210116732,"NZ_HG796199.1	Protein Homology	CDS	387844	389192	.	+	0	ID=cds384;Parent=gene402;Note=Catalyzes two discrete reactions in the de novo synthesis of purines: the cleavage of adenylosuccinate and succinylaminoimidazole carboxamide ribotide;exception=annotated by transcript or proteomic data;gbkey=CDS;product=adenylosuccinate lyase;pseudo=true;transl_table=11"
"gene403.fasta",0,"NZ_HG796199.1	Protein Homology	CDS	389201	390049	.	+	0	ID=cds385;Parent=gene403;Dbxref=Genbank:WP_042692180.1;Name=WP_042692180.1;gbkey=CDS;product=hypothetical protein;protein_id=WP_042692180.1;transl_table=11"
"gene404.fasta",0.185520361991,"NZ_HG796199.1	Protein Homology	CDS	390059	392543	.	-	0	ID=cds386;Parent=gene404;exception=annotated by transcript or proteomic data;gbkey=CDS;product=ATPase P;pseudo=true;transl_table=11"
"gene405.fasta",0.210526315789,"NZ_HG796199.1	Protein Homology	CDS	392592	393385	.	-	0	ID=cds387;Parent=gene405;exception=annotated by transcript or proteomic data;gbkey=CDS;product=hypothetical protein;pseudo=true;transl_table=11"
"gene406.fasta",0.0731707317073,"NZ_HG796199.1	Protein Homology	CDS	393382	394594	.	-	0	ID=cds388;Parent=gene406;exception=annotated by transcript or proteomic data;gbkey=CDS;product=amidohydrolase;pseudo=true;transl_table=11"
"gene407.fasta",0.9375,"NZ_HG796199.1	Protein Homology	CDS	394599	394991	.	-	0	ID=cds389;Parent=gene407;Dbxref=Genbank:WP_042691952.1;Name=WP_042691952.1;gbkey=CDS;product=hypothetical protein;protein_id=WP_042691952.1;transl_table=11"
"gene408.fasta",0.288,"NZ_HG796199.1	Protein Homology	CDS	395044	396300	.	-	0	ID=cds390;Parent=gene408;Dbxref=Genbank:WP_042692184.1;Name=WP_042692184.1;gbkey=CDS;product=pseudouridine synthase;protein_id=WP_042692184.1;transl_table=11"
"gene410.fasta",0.015503875969,"NZ_HG796199.1	Protein Homology	CDS	396446	396883	.	-	0	ID=cds391;Parent=gene410;Dbxref=Genbank:WP_042691955.1;Name=WP_042691955.1;gbkey=CDS;product=hypothetical protein;protein_id=WP_042691955.1;transl_table=11"
"gene411.fasta",0.0283018867925,"NZ_HG796199.1	Protein Homology	CDS	397113	399851	.	-	0	ID=cds392;Parent=gene411;Dbxref=Genbank:WP_042691958.1;Name=WP_042691958.1;gbkey=CDS;product=hypothetical protein;protein_id=WP_042691958.1;transl_table=11"
"gene413.fasta",0.122410546139,"NZ_HG796199.1	Protein Homology	CDS	400100	405487	.	-	0	ID=cds394;Parent=gene413;Dbxref=Genbank:WP_042691965.1;Name=WP_042691965.1;gbkey=CDS;product=hypothetical protein;protein_id=WP_042691965.1;transl_table=11"
"gene415.fasta",0.0459770114943,"NZ_HG796199.1	Protein Homology	CDS	408175	409887	.	-	0	ID=cds396;Parent=gene415;Dbxref=Genbank:WP_042691972.1;Name=WP_042691972.1;gbkey=CDS;product=hypothetical protein;protein_id=WP_042691972.1;transl_table=11"
"gene416.fasta",0.0549828178694,"NZ_HG796199.1	Protein Homology	CDS	410440	411803	.	-	0	ID=cds397;Parent=gene416;exception=annotated by transcript or proteomic data;gbkey=CDS;product=hypothetical protein;pseudo=true;transl_table=11"
"gene417.fasta",0.705882352941,"NZ_HG796199.1	Protein Homology	CDS	411805	412404	.	-	0	ID=cds398;Parent=gene417;Dbxref=Genbank:WP_042691975.1;Name=WP_042691975.1;Note=with HisF IGPS catalyzes the conversion of phosphoribulosyl-formimino-5-aminoimidazole-4-carboxamide ribonucleotide phosphate and glutamine to imidazole-glycerol phosphate%2C 5-aminoimidazol-4-carboxamide ribonucleotide%2C and glutamate in histidine biosynthesis%3B the HisH subunit provides the glutamine amidotransferase activity that produces the ammonia necessary to HisF for the synthesis of imidazole-glycerol phosphate and 5-aminoimidazol-4-carboxamide ribonucleotide;gbkey=CDS;gene=hisH;product=imidazole glycerol phosphate synthase subunit HisH;protein_id=WP_042691975.1;transl_table=11"
"gene418.fasta",0.727272727273,"NZ_HG796199.1	Protein Homology	CDS	412401	413471	.	-	0	ID=cds399;Parent=gene418;Dbxref=Genbank:WP_042691978.1;Name=WP_042691978.1;gbkey=CDS;product=hypothetical protein;protein_id=WP_042691978.1;transl_table=11"
"gene419.fasta",0.100386100386,"NZ_HG796199.1	GeneMarkS+	CDS	413645	415264	.	-	0	ID=cds400;Parent=gene419;Dbxref=Genbank:WP_042691981.1;Name=WP_042691981.1;gbkey=CDS;product=hypothetical protein;protein_id=WP_042691981.1;transl_table=11"
"gene420.fasta",0.00564971751412,"NZ_HG796199.1	Protein Homology	CDS	415522	416700	.	-	0	ID=cds401;Parent=gene420;Dbxref=Genbank:WP_042691984.1;Name=WP_042691984.1;gbkey=CDS;product=ATPase;protein_id=WP_042691984.1;transl_table=11"
"gene421.fasta",0.0651465798046,"NZ_HG796199.1	Protein Homology	CDS	416856	418049	.	-	0	ID=cds402;Parent=gene421;Dbxref=Genbank:WP_042691988.1;Name=WP_042691988.1;Note=the crystal structure of the Haemophilus influenzae YchF protein showed similarity to the yeast structure (PDB: 1NI3)%3B fluorescence spectroscopy revealed nucleic acid binding%3B the yeast protein YBR025c interacts with the translation elongation factor eEF1;gbkey=CDS;gene=ychF;product=translation-associated GTPase;protein_id=WP_042691988.1;transl_table=11"
"gene422.fasta",0.0471698113208,"NZ_HG796199.1	Protein Homology	CDS	418156	418998	.	+	0	ID=cds403;Parent=gene422;Dbxref=Genbank:WP_042692187.1;Name=WP_042692187.1;gbkey=CDS;product=metallophosphatase;protein_id=WP_042692187.1;transl_table=11"
"gene423.fasta",0.015455950541,"NZ_HG796199.1	Protein Homology	CDS	419002	421104	.	+	0	ID=cds404;Parent=gene423;Dbxref=Genbank:WP_042692190.1;Name=WP_042692190.1;gbkey=CDS;product=membrane protein;protein_id=WP_042692190.1;transl_table=11"
"gene425.fasta",0.0473933649289,"NZ_HG796199.1	Protein Homology	CDS	421943	422725	.	-	0	ID=cds406;Parent=gene425;Dbxref=Genbank:WP_042691995.1;Name=WP_042691995.1;gbkey=CDS;product=appr-1-p processing enzyme family domain-containing protein;protein_id=WP_042691995.1;transl_table=11"
"gene426.fasta",0.020202020202,"NZ_HG796199.1	Protein Homology	CDS	422837	423214	.	+	0	ID=cds407;Parent=gene426;Dbxref=Genbank:WP_042691998.1;Name=WP_042691998.1;gbkey=CDS;product=transcriptional regulator;protein_id=WP_042691998.1;transl_table=11"
"gene427.fasta",0,"NZ_HG796199.1	Protein Homology	CDS	423216	423853	.	+	0	ID=cds408;Parent=gene427;exception=annotated by transcript or proteomic data;gbkey=CDS;product=cobalt-precorrin-6Y C(5)-methyltransferase;pseudo=true;transl_table=11"
"gene428.fasta",0.126050420168,"NZ_HG796199.1	Protein Homology	CDS	424030	427098	.	+	0	ID=cds409;Parent=gene428;Dbxref=Genbank:WP_042692001.1;Name=WP_042692001.1;gbkey=CDS;product=hypothetical protein;protein_id=WP_042692001.1;transl_table=11"
"gene429.fasta",0,"NZ_HG796199.1	GeneMarkS+	CDS	427142	427441	.	+	0	ID=cds410;Parent=gene429;Dbxref=Genbank:WP_042692005.1;Name=WP_042692005.1;gbkey=CDS;product=hypothetical protein;protein_id=WP_042692005.1;transl_table=11"
"gene430.fasta",0.201257861635,"NZ_HG796199.1	Protein Homology	CDS	427478	428485	.	-	0	ID=cds411;Parent=gene430;Dbxref=Genbank:WP_042692008.1;Name=WP_042692008.1;gbkey=CDS;product=arsenic ABC transporter ATPase;protein_id=WP_042692008.1;transl_table=11"
"gene431.fasta",0.0387096774194,"NZ_HG796199.1	Protein Homology	CDS	428666	429453	.	+	0	ID=cds412;Parent=gene431;exception=annotated by transcript or proteomic data;gbkey=CDS;product=NAD synthetase;pseudo=true;transl_except=(pos:429334..429336%2Caa:Other);transl_table=11"
"gene433.fasta",0.0508474576271,"NZ_HG796199.1	Protein Homology	CDS	432340	433071	.	-	0	ID=cds414;Parent=gene433;Dbxref=Genbank:WP_042692017.1;Name=WP_042692017.1;gbkey=CDS;product=SAM-dependent methyltransferase;protein_id=WP_042692017.1;transl_table=11"
"gene434.fasta",0.095652173913,"NZ_HG796199.1	Protein Homology	CDS	433081	434036	.	-	0	ID=cds415;Parent=gene434;exception=annotated by transcript or proteomic data;gbkey=CDS;product=peptidase;pseudo=true;transl_table=11"
"gene439.fasta",0.161764705882,"NZ_HG796199.1	Protein Homology	CDS	438596	439903	.	+	0	ID=cds420;Parent=gene439;Dbxref=Genbank:WP_042692034.1;Name=WP_042692034.1;gbkey=CDS;product=histidine--tRNA ligase;protein_id=WP_042692034.1;transl_table=11"
"gene440.fasta",0.043956043956,"NZ_HG796199.1	Protein Homology	CDS	439893	440300	.	+	0	ID=cds421;Parent=gene440;Dbxref=Genbank:WP_042692038.1;Name=WP_042692038.1;gbkey=CDS;product=phosphoribosyl-AMP cyclohydrolase;protein_id=WP_042692038.1;transl_table=11"
"gene441.fasta",0.0248962655602,"NZ_HG796199.1	Protein Homology	CDS	440302	442143	.	+	0	ID=cds422;Parent=gene441;Dbxref=Genbank:WP_042692193.1;Name=WP_042692193.1;gbkey=CDS;product=ATPase;protein_id=WP_042692193.1;transl_table=11"
"gene442.fasta",0.0740740740741,"NZ_HG796199.1	Protein Homology	CDS	442151	442896	.	+	0	ID=cds423;Parent=gene442;exception=annotated by transcript or proteomic data;gbkey=CDS;product=sugar phosphate isomerase;pseudo=true;transl_table=11"
"gene443.fasta",0.119047619048,"NZ_HG796199.1	Protein Homology	CDS	442893	445207	.	-	0	ID=cds424;Parent=gene443;exception=annotated by transcript or proteomic data;gbkey=CDS;product=Hef nuclease;pseudo=true;transl_table=11"
"gene446.fasta",0.0392156862745,"NZ_HG796199.1	Protein Homology	CDS	446724	447065	.	+	0	ID=cds427;Parent=gene446;Dbxref=Genbank:WP_052331745.1;Name=WP_052331745.1;gbkey=CDS;product=hypothetical protein;protein_id=WP_052331745.1;transl_table=11"
"gene447.fasta",0.354716981132,"NZ_HG796199.1	Protein Homology	CDS	447706	449760	.	+	0	ID=cds428;Parent=gene447;Dbxref=Genbank:WP_052331746.1;Name=WP_052331746.1;gbkey=CDS;product=hypothetical protein;protein_id=WP_052331746.1;transl_table=11"
"gene448.fasta",0.100755667506,"NZ_HG796199.1	Protein Homology	CDS	449995	453045	.	+	0	ID=cds429;Parent=gene448;Dbxref=Genbank:WP_042692047.1;Name=WP_042692047.1;gbkey=CDS;product=hypothetical protein;protein_id=WP_042692047.1;transl_table=11"
"gene449.fasta",0.284360189573,"NZ_HG796199.1	Protein Homology	CDS	453111	454633	.	-	0	ID=cds430;Parent=gene449;exception=annotated by transcript or proteomic data;gbkey=CDS;product=UDP-N-acetylmuramate--alanine ligase;pseudo=true;transl_table=11"
"gene450.fasta",0.295857988166,"NZ_HG796199.1	Protein Homology	CDS	454626	456008	.	-	0	ID=cds431;Parent=gene450;Dbxref=Genbank:WP_042692051.1;Name=WP_042692051.1;gbkey=CDS;product=UDP-N-acetylmuramoylalanine--D-glutamate ligase;protein_id=WP_042692051.1;transl_table=11"
"gene451.fasta",0.516129032258,"NZ_HG796199.1	Protein Homology	CDS	456147	457532	.	-	0	ID=cds432;Parent=gene451;Dbxref=Genbank:WP_042692055.1;Name=WP_042692055.1;gbkey=CDS;product=glutamate synthase;protein_id=WP_042692055.1;transl_table=11"
"gene452.fasta",0.833333333333,"NZ_HG796199.1	Protein Homology	CDS	457773	458969	.	-	0	ID=cds433;Parent=gene452;Dbxref=Genbank:WP_042692058.1;Name=WP_042692058.1;gbkey=CDS;product=hypothetical protein;protein_id=WP_042692058.1;transl_table=11"
"gene453.fasta",0.958333333333,"NZ_HG796199.1	Protein Homology	CDS	458962	460296	.	-	0	ID=cds434;Parent=gene453;Dbxref=Genbank:WP_042692063.1;Name=WP_042692063.1;gbkey=CDS;product=phosphoesterase;protein_id=WP_042692063.1;transl_table=11"
"gene454.fasta",0.275862068966,"NZ_HG796199.1	Protein Homology	CDS	460286	460684	.	-	0	ID=cds435;Parent=gene454;Dbxref=Genbank:WP_042692065.1;Name=WP_042692065.1;gbkey=CDS;product=30S ribosomal protein S15;protein_id=WP_042692065.1;transl_table=11"
"gene455.fasta",0.545454545455,"NZ_HG796199.1	Protein Homology	CDS	460751	461302	.	-	0	ID=cds436;Parent=gene455;Dbxref=Genbank:WP_042692069.1;Name=WP_042692069.1;Note=HAM1-like protein%3Bi t is suspected that this protein functions to remove nonstandard bases such as xanthine or inosine;gbkey=CDS;product=non-canonical purine NTP pyrophosphatase;protein_id=WP_042692069.1;transl_table=11"
"gene456.fasta",0.238805970149,"NZ_HG796199.1	Protein Homology	CDS	461347	462939	.	-	0	ID=cds437;Parent=gene456;Dbxref=Genbank:WP_042692072.1;Name=WP_042692072.1;Note=in Archaea%2C this fusion protein was found to be similar to two distinct proteins in yeast that are involved in the KEOPS complex%3B kinase associated endopeptidase 1 (Kae1) and a serine/threonine protein kinase (Bud32)%3B in Pyrococcus Kae1 has atypical AP endonuclease activity and inhibits the kinase activity of Bud32%3B universal genome maintenance protein%3B Kae1/Qri7/OSGEP/YgjD family protein;gbkey=CDS;product=serine/threonine protein kinase;protein_id=WP_042692072.1;transl_table=11"
"gene457.fasta",0.05,"NZ_HG796199.1	Protein Homology	CDS	463029	463504	.	+	0	ID=cds438;Parent=gene457;exception=annotated by transcript or proteomic data;gbkey=CDS;product=hypothetical protein;pseudo=true;transl_table=11"
"gene458.fasta",0.00625,"NZ_HG796199.1	Protein Homology	CDS	463506	464555	.	+	0	ID=cds439;Parent=gene458;Dbxref=Genbank:WP_042692076.1;Name=WP_042692076.1;gbkey=CDS;product=TIGR00303 family protein;protein_id=WP_042692076.1;transl_table=11"
"gene459.fasta",0.0430107526882,"NZ_HG796199.1	Protein Homology	CDS	464599	465432	.	-	0	ID=cds440;Parent=gene459;Dbxref=Genbank:WP_042692081.1;Name=WP_042692081.1;gbkey=CDS;product=UDP pyrophosphate phosphatase;protein_id=WP_042692081.1;transl_table=11"
"gene460.fasta",0.32,"NZ_HG796199.1	Protein Homology	CDS	465444	466367	.	-	0	ID=cds441;Parent=gene460;Dbxref=Genbank:WP_042692085.1;Name=WP_042692085.1;gbkey=CDS;product=branched chain amino acid aminotransferase;protein_id=WP_042692085.1;transl_table=11"
"gene462.fasta",0.271604938272,"NZ_HG796199.1	Protein Homology	CDS	466825	467652	.	+	0	ID=cds442;Parent=gene462;Dbxref=Genbank:WP_042692088.1;Name=WP_042692088.1;Note=catalyzes the reduction of methenyl-tetrahydromethanopterin to methylene-tetrahydromethanopterin;gbkey=CDS;product=methylenetetrahydromethanopterin dehydrogenase;protein_id=WP_042692088.1;transl_table=11"
"gene463.fasta",0.0789473684211,"NZ_HG796199.1	Protein Homology	CDS	467692	468270	.	-	0	ID=cds443;Parent=gene463;Dbxref=Genbank:WP_042692090.1;Name=WP_042692090.1;gbkey=CDS;product=imidazoleglycerol-phosphate dehydratase;protein_id=WP_042692090.1;transl_table=11"
"gene464.fasta",0.0666666666667,"NZ_HG796199.1	Protein Homology	CDS	468524	469216	.	-	0	ID=cds444;Parent=gene464;Dbxref=Genbank:WP_042692093.1;Name=WP_042692093.1;gbkey=CDS;product=molybdate transporter regulatory protein;protein_id=WP_042692093.1;transl_table=11"
"gene720.fasta",0.167597765363,"NZ_HG796200.1	Protein Homology	CDS	259190	259996	.	-	0	ID=cds699;Parent=gene720;Dbxref=Genbank:WP_042692690.1;Name=WP_042692690.1;gbkey=CDS;product=hypothetical protein;protein_id=WP_042692690.1;transl_table=11"
"gene721.fasta",0.413793103448,"NZ_HG796200.1	Protein Homology	CDS	260290	260499	.	-	0	ID=cds700;Parent=gene721;exception=unextendable partial coding region;gbkey=CDS;partial=true;product=hypothetical protein;pseudo=true;start_range=.,260290;transl_table=11"
"gene722.fasta",0.222222222222,"NZ_HG796200.1	Protein Homology	CDS	260500	260817	.	-	0	ID=cds701;Parent=gene722;Dbxref=Genbank:WP_042693256.1;Name=WP_042693256.1;gbkey=CDS;product=peptidase A24;protein_id=WP_042693256.1;transl_table=11"
"gene723.fasta",0.716417910448,"NZ_HG796200.1	Protein Homology	CDS	261453	263069	.	-	0	ID=cds702;Parent=gene723;Dbxref=Genbank:WP_042692696.1;Name=WP_042692696.1;gbkey=CDS;product=CTP synthetase;protein_id=WP_042692696.1;transl_table=11"
"gene724.fasta",2.66666666667,"NZ_HG796200.1	Protein Homology	CDS	263110	263889	.	-	0	ID=cds703;Parent=gene724;Dbxref=Genbank:WP_042692699.1;Name=WP_042692699.1;gbkey=CDS;product=acetylesterase;protein_id=WP_042692699.1;transl_table=11"
"gene725.fasta",0.4,"NZ_HG796200.1	Protein Homology	CDS	263908	265272	.	-	0	ID=cds704;Parent=gene725;Dbxref=Genbank:WP_042693259.1;Name=WP_042693259.1;gbkey=CDS;product=MATE family efflux transporter;protein_id=WP_042693259.1;transl_table=11"
"gene726.fasta",0.327586206897,"NZ_HG796200.1	Protein Homology	CDS	265343	266579	.	-	0	ID=cds705;Parent=gene726;Note=catalyzes the interconversion of 3-phosphoglycerate and 2-phosphoglycerate%3B this enzyme does not require the cofactor 2%2C3-bisphosphoglycerate as a phosphate donor%3B BPG-independent PGAM%3B aPGAM;exception=annotated by transcript or proteomic data;gbkey=CDS;product=phosphoglycerate mutase;pseudo=true;transl_table=11"
"gene727.fasta",0.174757281553,"NZ_HG796200.1	Protein Homology	CDS	266622	267635	.	-	0	ID=cds706;Parent=gene727;Note=catalyzes the formation of L-aspartate 4-semialdehyde from L-homoserine;exception=unextendable partial coding region;gbkey=CDS;partial=true;product=homoserine dehydrogenase;pseudo=true;start_range=.,266622;transl_table=11"
"gene728.fasta",0.128205128205,"NZ_HG796200.1	Protein Homology	CDS	267644	268129	.	-	0	ID=cds707;Parent=gene728;Dbxref=Genbank:WP_042692703.1;Name=WP_042692703.1;gbkey=CDS;product=amino acid-binding protein;protein_id=WP_042692703.1;transl_table=11"
"gene729.fasta",0.0487804878049,"NZ_HG796200.1	Protein Homology	CDS	268143	268358	.	-	0	ID=cds708;Parent=gene729;Dbxref=Genbank:WP_042692707.1;Name=WP_042692707.1;gbkey=CDS;product=glutamyl-tRNA amidotransferase;protein_id=WP_042692707.1;transl_table=11"
"gene730.fasta",0.0119760479042,"NZ_HG796200.1	Protein Homology	CDS	268516	269271	.	-	0	ID=cds709;Parent=gene730;Dbxref=Genbank:WP_042692710.1;Name=WP_042692710.1;gbkey=CDS;product=iron ABC transporter ATP-binding protein;protein_id=WP_042692710.1;transl_table=11"
"gene731.fasta",0.0552486187845,"NZ_HG796200.1	Protein Homology	CDS	269280	270095	.	-	0	ID=cds710;Parent=gene731;Dbxref=Genbank:WP_052331787.1;Name=WP_052331787.1;gbkey=CDS;product=iron ABC transporter permease;protein_id=WP_052331787.1;transl_table=11"
"gene735.fasta",0,"NZ_HG796200.1	GeneMarkS+	CDS	272885	273160	.	-	0	ID=cds714;Parent=gene735;Dbxref=Genbank:WP_042692712.1;Name=WP_042692712.1;gbkey=CDS;product=hypothetical protein;protein_id=WP_042692712.1;transl_table=11"
"gene736.fasta",0,"NZ_HG796200.1	Protein Homology	CDS	273163	273438	.	-	0	ID=cds715;Parent=gene736;Dbxref=Genbank:WP_042692714.1;Name=WP_042692714.1;gbkey=CDS;product=hypothetical protein;protein_id=WP_042692714.1;transl_table=11"
"gene737.fasta",0.0326086956522,"NZ_HG796200.1	Protein Homology	CDS	273431	274444	.	-	0	ID=cds716;Parent=gene737;Dbxref=Genbank:WP_042692717.1;Name=WP_042692717.1;gbkey=CDS;product=hypothetical protein;protein_id=WP_042692717.1;transl_table=11"
"gene739.fasta",0.0633484162896,"NZ_HG796200.1	Protein Homology	CDS	276432	277721	.	+	0	ID=cds718;Parent=gene739;Dbxref=Genbank:WP_042692722.1;Name=WP_042692722.1;Note=catalyzes the formation of L-methionine and acetate from O-acetyl-L-homoserine and methanethiol;gbkey=CDS;product=O-acetylhomoserine aminocarboxypropyltransferase;protein_id=WP_042692722.1;transl_table=11"
"gene740.fasta",0.106666666667,"NZ_HG796200.1	Protein Homology	CDS	277748	279214	.	-	0	ID=cds719;Parent=gene740;Dbxref=Genbank:WP_042692725.1;Name=WP_042692725.1;gbkey=CDS;product=homoserine O-acetyltransferase;protein_id=WP_042692725.1;transl_table=11"
"gene741.fasta",0.553191489362,"NZ_HG796200.1	Protein Homology	CDS	279204	279884	.	-	0	ID=cds720;Parent=gene741;Dbxref=Genbank:WP_042692729.1;Name=WP_042692729.1;gbkey=CDS;product=ribonuclease III;protein_id=WP_042692729.1;transl_table=11"
"gene742.fasta",0.117647058824,"NZ_HG796200.1	Protein Homology	CDS	280056	280400	.	+	0	ID=cds721;Parent=gene742;Dbxref=Genbank:WP_042692732.1;Name=WP_042692732.1;gbkey=CDS;product=hypothetical protein;protein_id=WP_042692732.1;transl_table=11"
"gene743.fasta",0.5,"NZ_HG796200.1	Protein Homology	CDS	280412	280801	.	-	0	ID=cds722;Parent=gene743;Dbxref=Genbank:WP_042692735.1;Name=WP_042692735.1;gbkey=CDS;product=hypothetical protein;protein_id=WP_042692735.1;transl_table=11"
"gene744.fasta",0.232558139535,"NZ_HG796200.1	Protein Homology	CDS	280817	281227	.	-	0	ID=cds723;Parent=gene744;Dbxref=Genbank:WP_042692739.1;Name=WP_042692739.1;gbkey=CDS;product=hypothetical protein;protein_id=WP_042692739.1;transl_table=11"
"gene745.fasta",0,"NZ_HG796200.1	Protein Homology	CDS	281394	281576	.	-	0	ID=cds724;Parent=gene745;Dbxref=Genbank:WP_042692741.1;Name=WP_042692741.1;Note=contains a zinc finger motif;gbkey=CDS;gene=rpl37e;product=50S ribosomal protein L37;protein_id=WP_042692741.1;transl_table=11"
"gene746.fasta",0.5,"NZ_HG796200.1	Protein Homology	CDS	281642	281872	.	-	0	ID=cds725;Parent=gene746;Dbxref=Genbank:WP_004034197.1;Name=WP_004034197.1;gbkey=CDS;product=like-Sm ribonucleoprotein%2C core;protein_id=WP_004034197.1;transl_table=11"
"gene747.fasta",0.1,"NZ_HG796200.1	Protein Homology	CDS	282558	282920	.	-	0	ID=cds726;Parent=gene747;Dbxref=Genbank:WP_042692749.1;Name=WP_042692749.1;gbkey=CDS;product=hypothetical protein;protein_id=WP_042692749.1;transl_table=11"
"gene748.fasta",0.0363636363636,"NZ_HG796200.1	GeneMarkS+	CDS	282931	283164	.	-	0	ID=cds727;Parent=gene748;Dbxref=Genbank:WP_042692752.1;Name=WP_042692752.1;gbkey=CDS;product=hypothetical protein;protein_id=WP_042692752.1;transl_table=11"
"gene753.fasta",0,"NZ_HG796200.1	Protein Homology	CDS	285889	286487	.	+	0	ID=cds732;Parent=gene753;exception=annotated by transcript or proteomic data;gbkey=CDS;product=hypothetical protein;pseudo=true;transl_table=11"
"gene757.fasta",0,"NZ_HG796200.1	Protein Homology	CDS	287134	287739	.	-	0	ID=cds736;Parent=gene757;Dbxref=Genbank:WP_042693268.1;Name=WP_042693268.1;gbkey=CDS;product=acyltransferase;protein_id=WP_042693268.1;transl_table=11"
"gene758.fasta",0.15873015873,"NZ_HG796200.1	GeneMarkS+	CDS	288029	288430	.	-	0	ID=cds737;Parent=gene758;Dbxref=Genbank:WP_042692777.1;Name=WP_042692777.1;gbkey=CDS;product=hypothetical protein;protein_id=WP_042692777.1;transl_table=11"
"gene759.fasta",0.00790513833992,"NZ_HG796200.1	Protein Homology	CDS	288686	289699	.	+	0	ID=cds738;Parent=gene759;Dbxref=Genbank:WP_042692780.1;Name=WP_042692780.1;gbkey=CDS;product=ATPase;protein_id=WP_042692780.1;transl_table=11"
"gene761.fasta",0.166666666667,"NZ_HG796200.1	Protein Homology	CDS	289917	291302	.	-	0	ID=cds740;Parent=gene761;Dbxref=Genbank:WP_042693271.1;Name=WP_042693271.1;gbkey=CDS;product=argininosuccinate lyase;protein_id=WP_042693271.1;transl_table=11"
"gene762.fasta",0.230769230769,"NZ_HG796200.1	Protein Homology	CDS	291386	291538	.	-	0	ID=cds741;Parent=gene762;Dbxref=Genbank:WP_042692787.1;Name=WP_042692787.1;gbkey=CDS;product=30S ribosomal protein S27;protein_id=WP_042692787.1;transl_table=11"
"gene763.fasta",0.153846153846,"NZ_HG796200.1	Protein Homology	CDS	291547	291858	.	-	0	ID=cds742;Parent=gene763;Dbxref=Genbank:WP_042692790.1;Name=WP_042692790.1;gbkey=CDS;product=30S ribosomal protein S24;protein_id=WP_042692790.1;transl_table=11"
"gene764.fasta",0.210526315789,"NZ_HG796200.1	Protein Homology	CDS	291874	292382	.	-	0	ID=cds743;Parent=gene764;exception=annotated by transcript or proteomic data;gbkey=CDS;product=hypothetical protein;pseudo=true;transl_table=11"
"gene766.fasta",0,"NZ_HG796200.1	Protein Homology	CDS	292567	293133	.	-	0	ID=cds745;Parent=gene766;Dbxref=Genbank:WP_042692795.1;Name=WP_042692795.1;Note=Participates in both the initiation and recycling phases of transcription;gbkey=CDS;product=DNA-directed RNA polymerase;protein_id=WP_042692795.1;transl_table=11"
"gene767.fasta",0.0388349514563,"NZ_HG796200.1	Protein Homology	CDS	293170	293562	.	-	0	ID=cds746;Parent=gene767;Dbxref=Genbank:WP_042692798.1;Name=WP_042692798.1;gbkey=CDS;product=PilT domain protein;protein_id=WP_042692798.1;transl_table=11"
"gene768.fasta",0.0485829959514,"NZ_HG796200.1	Protein Homology	CDS	293577	294791	.	-	0	ID=cds747;Parent=gene768;Dbxref=Genbank:WP_042692802.1;Name=WP_042692802.1;Note=eIF-2G%3B forms a ternary complex with GTP and initiator tRNA in the early steps of protein synthesis;gbkey=CDS;product=translation initiation factor IF-2 subunit gamma;protein_id=WP_042692802.1;transl_table=11"
"gene769.fasta",0,"NZ_HG796200.1	Protein Homology	CDS	294842	295225	.	-	0	ID=cds748;Parent=gene769;Dbxref=Genbank:WP_042692805.1;Name=WP_042692805.1;gbkey=CDS;product=30S ribosomal protein S6;protein_id=WP_042692805.1;transl_table=11"
"gene770.fasta",0.118251928021,"NZ_HG796200.1	Protein Homology	CDS	295261	297051	.	-	0	ID=cds749;Parent=gene770;Dbxref=Genbank:WP_042692808.1;Name=WP_042692808.1;Note=protects formylmethionyl-tRNA from spontaneous hydrolysis and promotes its binding to the 30S ribosomal subunits during initiation of protein synthesis%3B also involved in the hydrolysis of GTP during the formation of the 70S ribosomal complex;gbkey=CDS;product=translation initiation factor IF-2;protein_id=WP_042692808.1;transl_table=11"
"gene771.fasta",0.142857142857,"NZ_HG796200.1	Protein Homology	CDS	297090	297542	.	-	0	ID=cds750;Parent=gene771;Dbxref=Genbank:WP_042692811.1;Name=WP_042692811.1;gbkey=CDS;product=nucleoside-diphosphate kinase;protein_id=WP_042692811.1;transl_table=11"
"gene772.fasta",0,"NZ_HG796200.1	Protein Homology	CDS	297539	297700	.	-	0	ID=cds751;Parent=gene772;Dbxref=Genbank:WP_042692815.1;Name=WP_042692815.1;gbkey=CDS;product=50S ribosomal protein L24;protein_id=WP_042692815.1;transl_table=11"
"gene773.fasta",0,"NZ_HG796200.1	Protein Homology	CDS	297715	297921	.	-	0	ID=cds752;Parent=gene773;Dbxref=Genbank:WP_042692817.1;Name=WP_042692817.1;Note=the function of S28E in the ribosome is unknown but the structure shows a variants OB-fold that is found in nucleic acid-binding proteins;gbkey=CDS;gene=rps28e;product=30S ribosomal protein S28;protein_id=WP_042692817.1;transl_table=11"
"gene780.fasta",0.00884955752212,"NZ_HG796200.1	Protein Homology	CDS	302882	303595	.	-	0	ID=cds759;Parent=gene780;Dbxref=Genbank:WP_042692836.1;Name=WP_042692836.1;gbkey=CDS;product=DtxR family transcriptional regulator;protein_id=WP_042692836.1;transl_table=11"
"gene784.fasta",0.0153846153846,"NZ_HG796200.1	Protein Homology	CDS	310810	313125	.	-	0	ID=cds763;Parent=gene784;Dbxref=Genbank:WP_042692843.1;Name=WP_042692843.1;gbkey=CDS;product=hypothetical protein;protein_id=WP_042692843.1;transl_table=11"
"gene785.fasta",0.0427553444181,"NZ_HG796200.1	Protein Homology	CDS	313207	314847	.	-	0	ID=cds764;Parent=gene785;Dbxref=Genbank:WP_042692845.1;Name=WP_042692845.1;gbkey=CDS;product=thermosome subunit;protein_id=WP_042692845.1;transl_table=11"
"gene787.fasta",0.0108695652174,"NZ_HG796200.1	Protein Homology	CDS	316443	317081	.	+	0	ID=cds766;Parent=gene787;Dbxref=Genbank:WP_042692849.1;Name=WP_042692849.1;gbkey=CDS;product=membrane protein;protein_id=WP_042692849.1;transl_table=11"
"gene788.fasta",0.0517799352751,"NZ_HG796200.1	Protein Homology	CDS	317083	318285	.	-	0	ID=cds767;Parent=gene788;Dbxref=Genbank:WP_042692853.1;Name=WP_042692853.1;gbkey=CDS;product=hydroxymethylglutaryl-CoA reductase (NADPH);protein_id=WP_042692853.1;transl_table=11"
"gene789.fasta",0.102564102564,"NZ_HG796200.1	Protein Homology	CDS	318286	319146	.	-	0	ID=cds768;Parent=gene789;Dbxref=Genbank:WP_042692856.1;Name=WP_042692856.1;gbkey=CDS;product=succinyl-CoA ligase subunit alpha;protein_id=WP_042692856.1;transl_table=11"
"gene790.fasta",2,"NZ_HG796200.1	Protein Homology	CDS	319160	319885	.	-	0	ID=cds769;Parent=gene790;Dbxref=Genbank:WP_042692859.1;Name=WP_042692859.1;gbkey=CDS;product=hypothetical protein;protein_id=WP_042692859.1;transl_table=11"
"gene791.fasta",0,"NZ_HG796200.1	Protein Homology	CDS	320274	320462	.	-	0	ID=cds770;Parent=gene791;Dbxref=Genbank:WP_052331793.1;Name=WP_052331793.1;gbkey=CDS;product=hypothetical protein;protein_id=WP_052331793.1;transl_table=11"
"gene796.fasta",0.0311284046693,"NZ_HG796200.1	Protein Homology	CDS	324463	325557	.	-	0	ID=cds775;Parent=gene796;exception=unextendable partial coding region;gbkey=CDS;partial=true;product=ammonia channel protein;pseudo=true;start_range=.,324463;transl_table=11"
"gene798.fasta",0.0128205128205,"NZ_HG796200.1	Protein Homology	CDS	326070	327305	.	+	0	ID=cds777;Parent=gene798;Dbxref=Genbank:WP_042692879.1;Name=WP_042692879.1;gbkey=CDS;product=phosphodiesterase;protein_id=WP_042692879.1;transl_table=11"
"gene799.fasta",0.0392156862745,"NZ_HG796200.1	Protein Homology	CDS	327314	327862	.	+	0	ID=cds778;Parent=gene799;Dbxref=Genbank:WP_042692883.1;Name=WP_042692883.1;gbkey=CDS;product=aromatic acid decarboxylase;protein_id=WP_042692883.1;transl_table=11"
"gene800.fasta",0.0496894409938,"NZ_HG796200.1	Protein Homology	CDS	327863	328432	.	+	0	ID=cds779;Parent=gene800;Dbxref=Genbank:WP_042692885.1;Name=WP_042692885.1;gbkey=CDS;product=precorrin-6Y C5%2C15-methyltransferase (decarboxylating) subunit CbiT;protein_id=WP_042692885.1;transl_table=11"
"gene801.fasta",0.12865497076,"NZ_HG796200.1	Protein Homology	CDS	328433	329191	.	+	0	ID=cds780;Parent=gene801;Dbxref=Genbank:WP_042692887.1;Name=WP_042692887.1;gbkey=CDS;product=hypothetical protein;protein_id=WP_042692887.1;transl_table=11"
"gene802.fasta",0.0281690140845,"NZ_HG796200.1	Protein Homology	CDS	329194	329793	.	+	0	ID=cds781;Parent=gene802;Dbxref=Genbank:WP_042693283.1;Name=WP_042693283.1;gbkey=CDS;product=molybdenum cofactor guanylyltransferase;protein_id=WP_042693283.1;transl_table=11"
"gene803.fasta",0.015037593985,"NZ_HG796200.1	Protein Homology	CDS	329790	330575	.	-	0	ID=cds782;Parent=gene803;Dbxref=Genbank:WP_042692891.1;Name=WP_042692891.1;Note=involved in the 3' to 5' degradation of a variety of RNA species%3B forms a trimer of heterodimers (hexamer) with Rrp42%3B Rrp41 is the catalytically active subunit;gbkey=CDS;product=RNA-binding protein;protein_id=WP_042692891.1;transl_table=11"
"gene804.fasta",0.102040816327,"NZ_HG796200.1	Protein Homology	CDS	330585	331283	.	-	0	ID=cds783;Parent=gene804;Dbxref=Genbank:WP_042692894.1;Name=WP_042692894.1;Note=involved in the 3' to 5' degradation of a variety of RNA species%3B forms a trimer of heterodimers (hexamer) with Rrp42%3B Rrp41 is the catalytically active subunit;gbkey=CDS;product=exosome complex exonuclease Rrp41;protein_id=WP_042692894.1;transl_table=11"
"gene805.fasta",0.0155642023346,"NZ_HG796200.1	Protein Homology	CDS	331309	332234	.	-	0	ID=cds784;Parent=gene805;exception=annotated by transcript or proteomic data;gbkey=CDS;product=RNA-binding protein;pseudo=true;transl_table=11"
"gene807.fasta",0.0314136125654,"NZ_HG796200.1	Protein Homology	CDS	332990	333754	.	-	0	ID=cds786;Parent=gene807;Dbxref=Genbank:WP_042692900.1;Name=WP_042692900.1;Note=cleaves peptide bonds;gbkey=CDS;product=proteasome subunit alpha;protein_id=WP_042692900.1;transl_table=11"
"gene808.fasta",0.125,"NZ_HG796200.1	Protein Homology	CDS	333962	334318	.	-	0	ID=cds787;Parent=gene808;Dbxref=Genbank:WP_042692903.1;Name=WP_042692903.1;gbkey=CDS;product=ribonuclease P;protein_id=WP_042692903.1;transl_table=11"
"gene809.fasta",0.031746031746,"NZ_HG796200.1	Protein Homology	CDS	334308	335012	.	-	0	ID=cds788;Parent=gene809;Dbxref=Genbank:WP_042692908.1;Name=WP_042692908.1;gbkey=CDS;product=ribonuclease P;protein_id=WP_042692908.1;transl_table=11"
"gene810.fasta",0,"NZ_HG796200.1	Protein Homology	CDS	335442	335723	.	+	0	ID=cds789;Parent=gene810;Dbxref=Genbank:WP_042692911.1;Name=WP_042692911.1;gbkey=CDS;product=transcriptional regulator;protein_id=WP_042692911.1;transl_table=11"
"gene811.fasta",0.0142857142857,"NZ_HG796200.1	Protein Homology	CDS	335725	336698	.	-	0	ID=cds790;Parent=gene811;exception=annotated by transcript or proteomic data;gbkey=CDS;product=hypothetical protein;pseudo=true;transl_table=11"
"gene812.fasta",0.448979591837,"NZ_HG796200.1	Protein Homology	CDS	336916	337593	.	-	0	ID=cds791;Parent=gene812;Dbxref=Genbank:WP_052331794.1;Name=WP_052331794.1;gbkey=CDS;product=hypothetical protein;protein_id=WP_052331794.1;transl_table=11"
"gene813.fasta",0.0708955223881,"NZ_HG796200.1	Protein Homology	CDS	337606	339864	.	-	0	ID=cds792;Parent=gene813;Dbxref=Genbank:WP_042693286.1;Name=WP_042693286.1;gbkey=CDS;product=hypothetical protein;protein_id=WP_042693286.1;transl_table=11"
"gene814.fasta",0.0980392156863,"NZ_HG796200.1	Protein Homology	CDS	339881	340381	.	-	0	ID=cds793;Parent=gene814;Dbxref=Genbank:WP_052331795.1;Name=WP_052331795.1;gbkey=CDS;product=hypothetical protein;protein_id=WP_052331795.1;transl_table=11"
"gene816.fasta",0.0281690140845,"NZ_HG796200.1	Protein Homology	CDS	340890	341261	.	-	0	ID=cds795;Parent=gene816;Dbxref=Genbank:WP_042692916.1;Name=WP_042692916.1;gbkey=CDS;product=iron-sulfur cluster assembly scaffold protein NifU;protein_id=WP_042692916.1;transl_table=11"
"gene817.fasta",0.0194805194805,"NZ_HG796200.1	Protein Homology	CDS	341274	342458	.	-	0	ID=cds796;Parent=gene817;Dbxref=Genbank:WP_042692922.1;Name=WP_042692922.1;gbkey=CDS;product=cysteine desulfurase;protein_id=WP_042692922.1;transl_table=11"
"gene818.fasta",0.0878378378378,"NZ_HG796200.1	Protein Homology	CDS	342498	343796	.	-	0	ID=cds797;Parent=gene818;Dbxref=Genbank:WP_042692924.1;Name=WP_042692924.1;Note=catalyzes the formation of L-methionine and acetate from O-acetyl-L-homoserine and methanethiol;gbkey=CDS;product=O-acetylhomoserine aminocarboxypropyltransferase;protein_id=WP_042692924.1;transl_table=11"
"gene819.fasta",0.0481927710843,"NZ_HG796200.1	Protein Homology	CDS	344077	345417	.	-	0	ID=cds798;Parent=gene819;Dbxref=Genbank:WP_042692929.1;Name=WP_042692929.1;gbkey=CDS;product=cysteine--tRNA ligase;protein_id=WP_042692929.1;transl_table=11"
"gene822.fasta",0.0199004975124,"NZ_HG796200.1	Protein Homology	CDS	345975	346673	.	-	0	ID=cds800;Parent=gene822;Dbxref=Genbank:WP_042692933.1;Name=WP_042692933.1;gbkey=CDS;product=serine O-acetyltransferase;protein_id=WP_042692933.1;transl_table=11"
"gene823.fasta",0.119205298013,"NZ_HG796200.1	Protein Homology	CDS	346747	347693	.	-	0	ID=cds801;Parent=gene823;exception=annotated by transcript or proteomic data;gbkey=CDS;product=cysteine synthase;pseudo=true;transl_table=11"
"gene824.fasta",0.06,"NZ_HG796200.1	Protein Homology	CDS	347784	348407	.	-	0	ID=cds802;Parent=gene824;Dbxref=Genbank:WP_042692936.1;Name=WP_042692936.1;gbkey=CDS;product=endonuclease III;protein_id=WP_042692936.1;transl_table=11"
"gene825.fasta",0.159292035398,"NZ_HG796200.1	Protein Homology	CDS	348407	349723	.	-	0	ID=cds803;Parent=gene825;Dbxref=Genbank:WP_042692938.1;Name=WP_042692938.1;gbkey=CDS;product=3-phosphoshikimate 1-carboxyvinyltransferase;protein_id=WP_042692938.1;transl_table=11"
"gene826.fasta",0.046511627907,"NZ_HG796200.1	Protein Homology	CDS	349882	350250	.	+	0	ID=cds804;Parent=gene826;exception=annotated by transcript or proteomic data;gbkey=CDS;product=hypothetical protein;pseudo=true;transl_except=(pos:350096..350098%2Caa:Other);transl_table=11"
"gene827.fasta",0.0392156862745,"NZ_HG796200.1	Protein Homology	CDS	350273	351055	.	-	0	ID=cds805;Parent=gene827;Dbxref=Genbank:WP_042692941.1;Name=WP_042692941.1;gbkey=CDS;product=methyltransferase;protein_id=WP_042692941.1;transl_table=11"
"gene828.fasta",0.145161290323,"NZ_HG796200.1	Protein Homology	CDS	351364	354078	.	-	0	ID=cds806;Parent=gene828;Dbxref=Genbank:WP_042692943.1;Name=WP_042692943.1;gbkey=CDS;product=valine--tRNA ligase;protein_id=WP_042692943.1;transl_table=11"
"gene829.fasta",0.105263157895,"NZ_HG796200.1	GeneMarkS+	CDS	354775	354957	.	+	0	ID=cds807;Parent=gene829;Dbxref=Genbank:WP_042692946.1;Name=WP_042692946.1;gbkey=CDS;product=hypothetical protein;protein_id=WP_042692946.1;transl_table=11"
"gene830.fasta",0.714285714286,"NZ_HG796200.1	GeneMarkS+	CDS	355005	355208	.	+	0	ID=cds808;Parent=gene830;Dbxref=Genbank:WP_042692948.1;Name=WP_042692948.1;gbkey=CDS;product=hypothetical protein;protein_id=WP_042692948.1;transl_table=11"
"gene831.fasta",0.0519480519481,"NZ_HG796200.1	GeneMarkS+	CDS	355337	355609	.	+	0	ID=cds809;Parent=gene831;Dbxref=Genbank:WP_042692950.1;Name=WP_042692950.1;gbkey=CDS;product=hypothetical protein;protein_id=WP_042692950.1;transl_table=11"
"gene832.fasta",0.0975609756098,"NZ_HG796200.1	GeneMarkS+	CDS	356047	356232	.	+	0	ID=cds810;Parent=gene832;Dbxref=Genbank:WP_042692953.1;Name=WP_042692953.1;gbkey=CDS;product=hypothetical protein;protein_id=WP_042692953.1;transl_table=11"
"gene833.fasta",0.110294117647,"NZ_HG796200.1	Protein Homology	CDS	356787	358511	.	+	0	ID=cds811;Parent=gene833;Dbxref=Genbank:WP_042692954.1;Name=WP_042692954.1;gbkey=CDS;product=hypothetical protein;protein_id=WP_042692954.1;transl_table=11"
"gene836.fasta",0,"NZ_HG796200.1	Protein Homology	CDS	359802	360299	.	+	0	ID=cds814;Parent=gene836;Dbxref=Genbank:WP_042692956.1;Name=WP_042692956.1;gbkey=CDS;product=endonuclease DDE;protein_id=WP_042692956.1;transl_table=11"
"gene838.fasta",0.349775784753,"NZ_HG796200.1	Protein Homology	CDS	362345	364000	.	+	0	ID=cds816;Parent=gene838;Dbxref=Genbank:WP_042692961.1;Name=WP_042692961.1;gbkey=CDS;product=phenylalanine--tRNA ligase subunit beta;protein_id=WP_042692961.1;transl_table=11"
"gene839.fasta",0.342857142857,"NZ_HG796200.1	Protein Homology	CDS	364114	364520	.	-	0	ID=cds817;Parent=gene839;exception=annotated by transcript or proteomic data;gbkey=CDS;product=hypothetical protein;pseudo=true;transl_table=11"
"gene840.fasta",0.107255520505,"NZ_HG796200.1	Protein Homology	CDS	364571	366223	.	-	0	ID=cds818;Parent=gene840;Dbxref=Genbank:WP_042692964.1;Name=WP_042692964.1;gbkey=CDS;product=hypothetical protein;protein_id=WP_042692964.1;transl_table=11"
"gene841.fasta",0.0795454545455,"NZ_HG796200.1	Protein Homology	CDS	366471	369449	.	+	0	ID=cds819;Parent=gene841;Dbxref=Genbank:WP_052331796.1;Name=WP_052331796.1;gbkey=CDS;product=hypothetical protein;protein_id=WP_052331796.1;transl_table=11"
"gene846.fasta",0.015037593985,"NZ_HG796200.1	Protein Homology	CDS	372103	372816	.	-	0	ID=cds824;Parent=gene846;Dbxref=Genbank:WP_042692975.1;Name=WP_042692975.1;gbkey=CDS;product=hypothetical protein;protein_id=WP_042692975.1;transl_table=11"
"gene847.fasta",0.0229885057471,"NZ_HG796200.1	Protein Homology	CDS	372960	374615	.	-	0	ID=cds825;Parent=gene847;Dbxref=Genbank:WP_042692978.1;Name=WP_042692978.1;gbkey=CDS;product=hypothetical protein;protein_id=WP_042692978.1;transl_table=11"
"gene848.fasta",0.1875,"NZ_HG796200.1	Protein Homology	CDS	377167	377955	.	-	0	ID=cds826;Parent=gene848;Dbxref=Genbank:WP_042692980.1;Name=WP_042692980.1;gbkey=CDS;product=hypothetical protein;protein_id=WP_042692980.1;transl_table=11"
"gene849.fasta",0.0740740740741,"NZ_HG796200.1	GeneMarkS+	CDS	378085	378405	.	-	0	ID=cds827;Parent=gene849;Dbxref=Genbank:WP_042692983.1;Name=WP_042692983.1;gbkey=CDS;product=hypothetical protein;protein_id=WP_042692983.1;transl_table=11"
"gene850.fasta",0.230769230769,"NZ_HG796200.1	GeneMarkS+	CDS	378392	378616	.	-	0	ID=cds828;Parent=gene850;Dbxref=Genbank:WP_042692985.1;Name=WP_042692985.1;gbkey=CDS;product=hypothetical protein;protein_id=WP_042692985.1;transl_table=11"
"gene851.fasta",0.12101910828,"NZ_HG796200.1	Protein Homology	CDS	380355	381757	.	+	0	ID=cds829;Parent=gene851;exception=annotated by transcript or proteomic data;gbkey=CDS;product=prolyl-tRNA synthetase;pseudo=true;transl_table=11"
"gene852.fasta",0.0714285714286,"NZ_HG796200.1	Protein Homology	CDS	381767	382440	.	+	0	ID=cds830;Parent=gene852;exception=annotated by transcript or proteomic data;gbkey=CDS;product=2-phospho-L-lactate guanylyltransferase;pseudo=true;transl_table=11"
"gene853.fasta",0.194029850746,"NZ_HG796200.1	Protein Homology	CDS	382441	383181	.	+	0	ID=cds831;Parent=gene853;Dbxref=Genbank:WP_042692988.1;Name=WP_042692988.1;gbkey=CDS;product=hydroxymethylpyrimidine/phosphomethylpyrimidine kinase;protein_id=WP_042692988.1;transl_table=11"
"gene854.fasta",0.00917431192661,"NZ_HG796200.1	Protein Homology	CDS	383186	383938	.	-	0	ID=cds832;Parent=gene854;Dbxref=Genbank:WP_042692991.1;Name=WP_042692991.1;gbkey=CDS;product=nitrate ABC transporter ATP-binding protein;protein_id=WP_042692991.1;transl_table=11"
"gene855.fasta",0.0793650793651,"NZ_HG796200.1	Protein Homology	CDS	383947	384693	.	-	0	ID=cds833;Parent=gene855;Dbxref=Genbank:WP_042692993.1;Name=WP_042692993.1;gbkey=CDS;product=ABC transporter permease;protein_id=WP_042692993.1;transl_table=11"
"gene856.fasta",1.2,"NZ_HG796200.1	Protein Homology	CDS	384780	385142	.	-	0	ID=cds834;Parent=gene856;Dbxref=Genbank:WP_042692996.1;Name=WP_042692996.1;gbkey=CDS;product=hypothetical protein;protein_id=WP_042692996.1;transl_table=11"
"gene857.fasta",0.0762195121951,"NZ_HG796200.1	Protein Homology	CDS	386163	389639	.	-	0	ID=cds835;Parent=gene857;Dbxref=Genbank:WP_042692999.1;Name=WP_042692999.1;gbkey=CDS;product=hypothetical protein;protein_id=WP_042692999.1;transl_table=11"
"gene858.fasta",0.0367816091954,"NZ_HG796200.1	Protein Homology	CDS	389861	392005	.	-	0	ID=cds836;Parent=gene858;Dbxref=Genbank:WP_042693003.1;Name=WP_042693003.1;gbkey=CDS;product=cation transporter;protein_id=WP_042693003.1;transl_table=11"
"gene859.fasta",0.0540540540541,"NZ_HG796200.1	Protein Homology	CDS	392033	392299	.	-	0	ID=cds837;Parent=gene859;Dbxref=Genbank:WP_042693012.1;Name=WP_042693012.1;gbkey=CDS;product=hypothetical protein;protein_id=WP_042693012.1;transl_table=11"
"gene860.fasta",0.207792207792,"NZ_HG796200.1	Protein Homology	CDS	392756	393445	.	+	0	ID=cds838;Parent=gene860;end_range=393445,.;exception=unextendable partial coding region;gbkey=CDS;partial=true;product=peptidase;pseudo=true;transl_table=11"
"gene861.fasta",0.1,"NZ_HG796200.1	Protein Homology	CDS	393696	394460	.	+	0	ID=cds839;Parent=gene861;Dbxref=Genbank:WP_042693299.1;Name=WP_042693299.1;gbkey=CDS;product=formate dehydrogenase family accessory protein FdhD;protein_id=WP_042693299.1;transl_table=11"
"gene862.fasta",0.0392156862745,"NZ_HG796200.1	Protein Homology	CDS	394475	394804	.	-	0	ID=cds840;Parent=gene862;Dbxref=Genbank:WP_042693016.1;Name=WP_042693016.1;gbkey=CDS;product=hypothetical protein;protein_id=WP_042693016.1;transl_table=11"
"gene863.fasta",0.0571428571429,"NZ_HG796200.1	GeneMarkS+	CDS	394869	395252	.	-	0	ID=cds841;Parent=gene863;Dbxref=Genbank:WP_042693019.1;Name=WP_042693019.1;gbkey=CDS;product=hypothetical protein;protein_id=WP_042693019.1;transl_table=11"
"gene864.fasta",0.666666666667,"NZ_HG796200.1	GeneMarkS+	CDS	395433	395774	.	+	0	ID=cds842;Parent=gene864;Dbxref=Genbank:WP_042693021.1;Name=WP_042693021.1;gbkey=CDS;product=hypothetical protein;protein_id=WP_042693021.1;transl_table=11"
"gene865.fasta",0.631578947368,"NZ_HG796200.1	GeneMarkS+	CDS	395847	396125	.	+	0	ID=cds843;Parent=gene865;Dbxref=Genbank:WP_042693024.1;Name=WP_042693024.1;gbkey=CDS;product=hypothetical protein;protein_id=WP_042693024.1;transl_table=11"
"gene866.fasta",0.0278745644599,"NZ_HG796200.1	Protein Homology	CDS	396279	397346	.	+	0	ID=cds844;Parent=gene866;Dbxref=Genbank:WP_042693027.1;Name=WP_042693027.1;gbkey=CDS;product=hypothetical protein;protein_id=WP_042693027.1;transl_table=11"
"gene867.fasta",0.0545454545455,"NZ_HG796200.1	Protein Homology	CDS	397389	397799	.	-	0	ID=cds845;Parent=gene867;Dbxref=Genbank:WP_042693303.1;Name=WP_042693303.1;gbkey=CDS;product=exosome protein;protein_id=WP_042693303.1;transl_table=11"
"gene868.fasta",0.0392156862745,"NZ_HG796200.1	Protein Homology	CDS	397834	398391	.	-	0	ID=cds846;Parent=gene868;Dbxref=Genbank:WP_042693031.1;Name=WP_042693031.1;gbkey=CDS;product=50S ribosomal protein L15e;protein_id=WP_042693031.1;transl_table=11"
"gene870.fasta",0.337078651685,"NZ_HG796200.1	Protein Homology	CDS	401026	401646	.	-	0	ID=cds848;Parent=gene870;Dbxref=Genbank:WP_042693035.1;Name=WP_042693035.1;gbkey=CDS;product=hypothetical protein;protein_id=WP_042693035.1;transl_table=11"
"gene871.fasta",0.0172413793103,"NZ_HG796200.1	Protein Homology	CDS	401662	402279	.	-	0	ID=cds849;Parent=gene871;Dbxref=Genbank:WP_052331797.1;Name=WP_052331797.1;gbkey=CDS;product=hypothetical protein;protein_id=WP_052331797.1;transl_table=11"
"gene872.fasta",0.0444444444444,"NZ_HG796200.1	Protein Homology	CDS	403009	404039	.	+	0	ID=cds850;Parent=gene872;exception=annotated by transcript or proteomic data;gbkey=CDS;product=AraC family transcriptional regulator;pseudo=true;transl_table=11"
"gene873.fasta",0.434210526316,"NZ_HG796200.1	Protein Homology	CDS	405120	406748	.	+	0	ID=cds851;Parent=gene873;Dbxref=Genbank:WP_042693038.1;Name=WP_042693038.1;gbkey=CDS;product=nickel ABC transporter substrate-binding protein;protein_id=WP_042693038.1;transl_table=11"
"gene875.fasta",0.33734939759,"NZ_HG796200.1	Protein Homology	CDS	407814	408626	.	+	0	ID=cds853;Parent=gene875;exception=unextendable partial coding region;gbkey=CDS;partial=true;product=peptide ABC transporter permease;pseudo=true;start_range=.,407814;transl_table=11"
"gene876.fasta",0.00735294117647,"NZ_HG796200.1	Protein Homology	CDS	408637	409584	.	+	0	ID=cds854;Parent=gene876;Dbxref=Genbank:WP_042693314.1;Name=WP_042693314.1;gbkey=CDS;product=peptide ABC transporter ATP-binding protein;protein_id=WP_042693314.1;transl_table=11"
"gene879.fasta",0.246153846154,"NZ_HG796200.1	Protein Homology	CDS	411177	411803	.	-	0	ID=cds857;Parent=gene879;Dbxref=Genbank:WP_042693048.1;Name=WP_042693048.1;Note=Catalyzes the formation of uracil and 5-phospho-alpha-D-ribosy 1-diphosphate from UMP and diphosphate;gbkey=CDS;gene=upp;product=uracil phosphoribosyltransferase;protein_id=WP_042693048.1;transl_table=11"
"gene880.fasta",1.52380952381,"NZ_HG796200.1	Protein Homology	CDS	411796	413085	.	-	0	ID=cds858;Parent=gene880;Dbxref=Genbank:WP_042693050.1;Name=WP_042693050.1;gbkey=CDS;product=uracil transporter;protein_id=WP_042693050.1;transl_table=11"
"gene881.fasta",0.0747663551402,"NZ_HG796200.1	Protein Homology	CDS	413298	413939	.	-	0	ID=cds859;Parent=gene881;Dbxref=Genbank:WP_052331798.1;Name=WP_052331798.1;gbkey=CDS;product=hypothetical protein;protein_id=WP_052331798.1;transl_table=11"
"gene882.fasta",0.888888888889,"NZ_HG796200.1	Protein Homology	CDS	414213	414533	.	+	0	ID=cds860;Parent=gene882;Dbxref=Genbank:WP_042693321.1;Name=WP_042693321.1;gbkey=CDS;product=transcriptional regulator;protein_id=WP_042693321.1;transl_table=11"
"gene883.fasta",0.0210526315789,"NZ_HG796200.1	Protein Homology	CDS	415752	416129	.	-	0	ID=cds861;Parent=gene883;Dbxref=Genbank:WP_042693052.1;Name=WP_042693052.1;gbkey=CDS;product=hypothetical protein;protein_id=WP_042693052.1;transl_table=11"
"gene884.fasta",0.0429594272076,"NZ_HG796200.1	Protein Homology	CDS	416153	417646	.	-	0	ID=cds862;Parent=gene884;Dbxref=Genbank:WP_042693055.1;Name=WP_042693055.1;gbkey=CDS;product=hypothetical protein;protein_id=WP_042693055.1;transl_table=11"
"gene885.fasta",0.015625,"NZ_HG796200.1	Protein Homology	CDS	417718	418656	.	-	0	ID=cds863;Parent=gene885;Dbxref=Genbank:WP_042693059.1;Name=WP_042693059.1;gbkey=CDS;product=bactoprenol glucosyl transferase;protein_id=WP_042693059.1;transl_table=11"
"gene887.fasta",0.036231884058,"NZ_HG796200.1	Protein Homology	CDS	420021	421015	.	-	0	ID=cds865;Parent=gene887;exception=annotated by transcript or proteomic data;gbkey=CDS;product=nucleotide sugar epimerase;pseudo=true;transl_table=11"
"gene889.fasta",0.0347826086957,"NZ_HG796200.1	Protein Homology	CDS	421668	422495	.	-	0	ID=cds867;Parent=gene889;Dbxref=Genbank:WP_042693065.1;Name=WP_042693065.1;gbkey=CDS;product=ferredoxin;protein_id=WP_042693065.1;transl_table=11"
"gene890.fasta",0.0740740740741,"NZ_HG796200.1	Protein Homology	CDS	422558	423490	.	-	0	ID=cds868;Parent=gene890;Dbxref=Genbank:WP_042693069.1;Name=WP_042693069.1;gbkey=CDS;product=ribokinase;protein_id=WP_042693069.1;transl_table=11"
"gene892.fasta",0.036231884058,"NZ_HG796200.1	Protein Homology	CDS	424400	425446	.	-	0	ID=cds870;Parent=gene892;Dbxref=Genbank:WP_042693075.1;Name=WP_042693075.1;gbkey=CDS;product=membrane protein;protein_id=WP_042693075.1;transl_table=11"
"gene893.fasta",0.121673003802,"NZ_HG796200.1	Protein Homology	CDS	425451	426818	.	-	0	ID=cds871;Parent=gene893;Dbxref=Genbank:WP_042693078.1;Name=WP_042693078.1;gbkey=CDS;product=ferredoxin;protein_id=WP_042693078.1;transl_table=11"
"gene894.fasta",0.115942028986,"NZ_HG796200.1	Protein Homology	CDS	426815	427840	.	-	0	ID=cds872;Parent=gene894;Dbxref=Genbank:WP_042693080.1;Name=WP_042693080.1;gbkey=CDS;product=ferredoxin;protein_id=WP_042693080.1;transl_table=11"
"gene895.fasta",0.075,"NZ_HG796200.1	Protein Homology	CDS	427841	428965	.	-	0	ID=cds873;Parent=gene895;Dbxref=Genbank:WP_042693084.1;Name=WP_042693084.1;gbkey=CDS;product=hypothetical protein;protein_id=WP_042693084.1;transl_table=11"
"gene896.fasta",0.0487804878049,"NZ_HG796200.1	Protein Homology	CDS	428962	429411	.	-	0	ID=cds874;Parent=gene896;Dbxref=Genbank:WP_042693087.1;Name=WP_042693087.1;gbkey=CDS;product=hypothetical protein;protein_id=WP_042693087.1;transl_table=11"
"gene897.fasta",0.228571428571,"NZ_HG796200.1	Protein Homology	CDS	429431	429816	.	-	0	ID=cds875;Parent=gene897;exception=annotated by transcript or proteomic data;gbkey=CDS;product=NiFe hydrogenase;pseudo=true;transl_table=11"
"gene900.fasta",0.0363636363636,"NZ_HG796200.1	Protein Homology	CDS	430405	431265	.	-	0	ID=cds878;Parent=gene900;Dbxref=Genbank:WP_042693097.1;Name=WP_042693097.1;gbkey=CDS;product=NADH-ubiquinone oxidoreductase;protein_id=WP_042693097.1;transl_table=11"
"gene901.fasta",0.047619047619,"NZ_HG796200.1	Protein Homology	CDS	431273	431488	.	-	0	ID=cds879;Parent=gene901;Dbxref=Genbank:WP_042693099.1;Name=WP_042693099.1;gbkey=CDS;product=energy-converting hydrogenase A subunit I EhaI;protein_id=WP_042693099.1;transl_table=11"
"gene902.fasta",0.130718954248,"NZ_HG796200.1	Protein Homology	CDS	431497	432168	.	-	0	ID=cds880;Parent=gene902;Dbxref=Genbank:WP_042693103.1;Name=WP_042693103.1;gbkey=CDS;product=membrane protein;protein_id=WP_042693103.1;transl_table=11"
"gene903.fasta",0.222222222222,"NZ_HG796200.1	Protein Homology	CDS	432178	432873	.	-	0	ID=cds881;Parent=gene903;Dbxref=Genbank:WP_042693106.1;Name=WP_042693106.1;gbkey=CDS;product=membrane protein;protein_id=WP_042693106.1;transl_table=11"
"gene904.fasta",0.262626262626,"NZ_HG796200.1	Protein Homology	CDS	432873	433466	.	-	0	ID=cds882;Parent=gene904;Dbxref=Genbank:WP_042693109.1;Name=WP_042693109.1;gbkey=CDS;product=membrane protein;protein_id=WP_042693109.1;transl_table=11"
"gene905.fasta",0.0888888888889,"NZ_HG796200.1	Protein Homology	CDS	433463	433708	.	-	0	ID=cds883;Parent=gene905;Dbxref=Genbank:WP_042693112.1;Name=WP_042693112.1;gbkey=CDS;product=membrane protein;protein_id=WP_042693112.1;transl_table=11"
"gene914.fasta",0.0294117647059,"NZ_HG796200.1	Protein Homology	CDS	438099	439766	.	+	0	ID=cds892;Parent=gene914;Dbxref=Genbank:WP_042693139.1;Name=WP_042693139.1;gbkey=CDS;product=acetyl-CoA synthetase;protein_id=WP_042693139.1;transl_table=11"
"gene915.fasta",0.0540540540541,"NZ_HG796200.1	Protein Homology	CDS	439778	440056	.	+	0	ID=cds893;Parent=gene915;Dbxref=Genbank:WP_042693143.1;Name=WP_042693143.1;gbkey=CDS;product=ketoisovalerate oxidoreductase;protein_id=WP_042693143.1;transl_table=11"
"gene916.fasta",0.0393700787402,"NZ_HG796200.1	Protein Homology	CDS	440062	441174	.	+	0	ID=cds894;Parent=gene916;Dbxref=Genbank:WP_042693146.1;Name=WP_042693146.1;Note=catalyzes the coenzyme A-dependent oxidation of 3-methyl-2-oxobutanoate coupled to the reduction of ferredoxin producing S-(2-methylpropanoyl)-CoA;gbkey=CDS;product=3-methyl-2-oxobutanoate dehydrogenase subunit VorB;protein_id=WP_042693146.1;transl_table=11"
"gene917.fasta",0.0255102040816,"NZ_HG796200.1	Protein Homology	CDS	441186	442628	.	+	0	ID=cds895;Parent=gene917;Dbxref=Genbank:WP_042693149.1;Name=WP_042693149.1;gbkey=CDS;product=ketoisovalerate oxidoreductase;protein_id=WP_042693149.1;transl_table=11"
"gene918.fasta",0.16091954023,"NZ_HG796200.1	Protein Homology	CDS	442639	443949	.	+	0	ID=cds896;Parent=gene918;Dbxref=Genbank:WP_042693151.1;Name=WP_042693151.1;Note=allows the formation of correctly charged Gln-tRNA(Gln) through the transamidation of misacylated Glu-tRNA(Gln) in organisms which lack glutaminyl-tRNA synthetase%3B forms a heterotetramer of GatD2E2;gbkey=CDS;product=glutamyl-tRNA amidotransferase;protein_id=WP_042693151.1;transl_table=11"
"gene919.fasta",0.129032258065,"NZ_HG796200.1	Protein Homology	CDS	443962	445827	.	+	0	ID=cds897;Parent=gene919;Dbxref=Genbank:WP_042693155.1;Name=WP_042693155.1;Note=allows the formation of correctly charged Gln-tRNA(Gln) through the transamidation of misacylated Glu-tRNA(Gln) in organisms which lack glutaminyl-tRNA synthetase%3B forms a heterotetramer of GatD2E2;gbkey=CDS;product=glutamyl-tRNA(Gln) amidotransferase subunit E;protein_id=WP_042693155.1;transl_table=11"
"gene920.fasta",0.272727272727,"NZ_HG796200.1	Protein Homology	CDS	446556	446822	.	+	0	ID=cds898;Parent=gene920;Dbxref=Genbank:WP_052331800.1;Name=WP_052331800.1;gbkey=CDS;product=hypothetical protein;protein_id=WP_052331800.1;transl_table=11"
"gene921.fasta",0.0727272727273,"NZ_HG796200.1	Protein Homology	CDS	446993	447403	.	+	0	ID=cds899;Parent=gene921;Dbxref=Genbank:WP_052331801.1;Name=WP_052331801.1;gbkey=CDS;product=hypothetical protein;protein_id=WP_052331801.1;transl_table=11"
"gene922.fasta",0.489361702128,"NZ_HG796200.1	Protein Homology	CDS	447396	448158	.	+	0	ID=cds900;Parent=gene922;exception=annotated by transcript or proteomic data;gbkey=CDS;product=sugar fermentation stimulation protein;pseudo=true;transl_table=11"
"gene923.fasta",0.30985915493,"NZ_HG796200.1	Protein Homology	CDS	448151	448666	.	+	0	ID=cds901;Parent=gene923;Dbxref=Genbank:WP_042693158.1;Name=WP_042693158.1;gbkey=CDS;product=hypothetical protein;protein_id=WP_042693158.1;transl_table=11"
"gene924.fasta",0.328358208955,"NZ_HG796200.1	Protein Homology	CDS	449272	449883	.	-	0	ID=cds902;Parent=gene924;Dbxref=Genbank:WP_042693161.1;Name=WP_042693161.1;gbkey=CDS;product=hypothetical protein;protein_id=WP_042693161.1;transl_table=11"
"gene925.fasta",0.0518134715026,"NZ_HG796200.1	Protein Homology	CDS	449935	450886	.	+	0	ID=cds903;Parent=gene925;exception=annotated by transcript or proteomic data;gbkey=CDS;product=thioredoxin reductase;pseudo=true;transl_table=11"
"gene926.fasta",0.0579710144928,"NZ_HG796200.1	Protein Homology	CDS	451172	451744	.	+	0	ID=cds904;Parent=gene926;Dbxref=Genbank:WP_042693164.1;Name=WP_042693164.1;Note=type-1 glutamine amidotransferase domain%3B functions to produce GMP from XMP in the IMP pathway;gbkey=CDS;product=GMP synthase;protein_id=WP_042693164.1;transl_table=11"
"gene927.fasta",0.078431372549,"NZ_HG796200.1	Protein Homology	CDS	451737	451991	.	+	0	ID=cds905;Parent=gene927;Dbxref=Genbank:WP_042693167.1;Name=WP_042693167.1;gbkey=CDS;product=hypothetical protein;protein_id=WP_042693167.1;transl_table=11"
"gene928.fasta",0.264705882353,"NZ_HG796200.1	Protein Homology	CDS	451993	452917	.	+	0	ID=cds906;Parent=gene928;exception=annotated by transcript or proteomic data;gbkey=CDS;product=GMP synthase;pseudo=true;transl_table=11"
"gene929.fasta",0.313725490196,"NZ_HG796200.1	Protein Homology	CDS	452967	454135	.	+	0	ID=cds907;Parent=gene929;exception=annotated by transcript or proteomic data;gbkey=CDS;product=hypothetical protein;pseudo=true;transl_table=11"
"gene930.fasta",0.390804597701,"NZ_HG796200.1	Protein Homology	CDS	454140	455101	.	+	0	ID=cds908;Parent=gene930;exception=annotated by transcript or proteomic data;gbkey=CDS;product=pyridoxal-5'-phosphate-dependent protein;pseudo=true;transl_table=11"
"gene931.fasta",0.0779220779221,"NZ_HG796200.1	Protein Homology	CDS	455079	455567	.	-	0	ID=cds909;Parent=gene931;Dbxref=Genbank:WP_042693171.1;Name=WP_042693171.1;gbkey=CDS;product=hypothetical protein;protein_id=WP_042693171.1;transl_table=11"
"gene932.fasta",0.273381294964,"NZ_HG796200.1	Protein Homology	CDS	455575	457044	.	-	0	ID=cds910;Parent=gene932;Dbxref=Genbank:WP_042693174.1;Name=WP_042693174.1;Note=catalyzes condensation of pyruvate and acetyl-CoA to form (R)-citramalate%3B functions in isoleucine synthesis%3B belongs to the alpha-IPM synthetase/homocitrate synthase family%3B it is difficult distinguishing these proteins from enzymes in that family;gbkey=CDS;product=2-isopropylmalate synthase;protein_id=WP_042693174.1;transl_table=11"
